-- MySQL dump 10.13  Distrib 5.7.24, for macos10.14 (x86_64)
--
-- Host: cssql.seattleu.edu    Database: mm_sttest8
-- ------------------------------------------------------
-- Server version	5.5.60-MariaDB

/*!40101 SET @OLD_CHARACTER_SET_CLIENT=@@CHARACTER_SET_CLIENT */;
/*!40101 SET @OLD_CHARACTER_SET_RESULTS=@@CHARACTER_SET_RESULTS */;
/*!40101 SET @OLD_COLLATION_CONNECTION=@@COLLATION_CONNECTION */;
/*!40101 SET NAMES utf8 */;
/*!40103 SET @OLD_TIME_ZONE=@@TIME_ZONE */;
/*!40103 SET TIME_ZONE='+00:00' */;
/*!40014 SET @OLD_UNIQUE_CHECKS=@@UNIQUE_CHECKS, UNIQUE_CHECKS=0 */;
/*!40014 SET @OLD_FOREIGN_KEY_CHECKS=@@FOREIGN_KEY_CHECKS, FOREIGN_KEY_CHECKS=0 */;
/*!40101 SET @OLD_SQL_MODE=@@SQL_MODE, SQL_MODE='NO_AUTO_VALUE_ON_ZERO' */;
/*!40111 SET @OLD_SQL_NOTES=@@SQL_NOTES, SQL_NOTES=0 */;

--
-- Table structure for table `account`
--

DROP TABLE IF EXISTS `account`;
/*!40101 SET @saved_cs_client     = @@character_set_client */;
/*!40101 SET character_set_client = utf8 */;
CREATE TABLE `account` (
  `account_id` int(11) NOT NULL AUTO_INCREMENT,
  `account_name` varchar(45) DEFAULT NULL,
  `account_price` decimal(10,0) DEFAULT NULL,
  `active` tinyint(4) DEFAULT NULL,
  PRIMARY KEY (`account_id`),
  UNIQUE KEY `account_id_UNIQUE` (`account_id`)
) ENGINE=InnoDB AUTO_INCREMENT=4 DEFAULT CHARSET=latin1;
/*!40101 SET character_set_client = @saved_cs_client */;

--
-- Dumping data for table `account`
--

LOCK TABLES `account` WRITE;
/*!40000 ALTER TABLE `account` DISABLE KEYS */;
INSERT INTO `account` VALUES (1,'bronze',200,1),(2,'silver',500,1),(3,'gold',1000,1);
/*!40000 ALTER TABLE `account` ENABLE KEYS */;
UNLOCK TABLES;

--
-- Table structure for table `advisor`
--

DROP TABLE IF EXISTS `advisor`;
/*!40101 SET @saved_cs_client     = @@character_set_client */;
/*!40101 SET character_set_client = utf8 */;
CREATE TABLE `advisor` (
  `advisor_id` int(11) NOT NULL AUTO_INCREMENT,
  `contact_info_id` int(11) DEFAULT NULL,
  `advisor_lname` varchar(45) NOT NULL,
  `advisor_fname` varchar(45) NOT NULL,
  `start_date` datetime DEFAULT NULL,
  `end_date` datetime DEFAULT NULL,
  `active` tinyint(4) DEFAULT NULL,
  `account_id` int(11) DEFAULT NULL,
  PRIMARY KEY (`advisor_id`),
  UNIQUE KEY `idadvisors_UNIQUE` (`advisor_id`),
  KEY `address_id_idx` (`contact_info_id`),
  KEY `account id_idx` (`account_id`),
  CONSTRAINT `advisor contact info id` FOREIGN KEY (`contact_info_id`) REFERENCES `contact_info` (`contact_info_id`) ON DELETE NO ACTION ON UPDATE NO ACTION,
  CONSTRAINT `advisor account id` FOREIGN KEY (`account_id`) REFERENCES `account` (`account_id`) ON DELETE NO ACTION ON UPDATE NO ACTION
) ENGINE=InnoDB AUTO_INCREMENT=404 DEFAULT CHARSET=latin1;
/*!40101 SET character_set_client = @saved_cs_client */;

--
-- Dumping data for table `advisor`
--

LOCK TABLES `advisor` WRITE;
/*!40000 ALTER TABLE `advisor` DISABLE KEYS */;
INSERT INTO `advisor` VALUES (40,1021,'Blacklidge','Iggie','2011-05-02 00:00:00',NULL,1,3),(41,1022,'Barhem','Anthea','2011-02-19 00:00:00',NULL,1,2),(42,1023,'Bygrove','Geralda','2008-06-29 00:00:00',NULL,1,1),(43,1024,'Wellbeloved','Leese','2008-09-12 00:00:00',NULL,1,3),(44,1025,'Stiddard','Marylee','2010-04-25 00:00:00',NULL,1,3),(45,1026,'Milch','Ennis','2010-06-01 00:00:00',NULL,1,2),(46,1027,'Tillyer','Marcellus','2009-10-04 00:00:00',NULL,1,2),(47,1028,'Mannagh','Svend','2010-09-01 00:00:00',NULL,1,2),(48,1029,'Malcolmson','Land','2012-11-17 00:00:00',NULL,1,2),(49,1030,'Scrine','Niles','2009-05-07 00:00:00',NULL,1,1),(50,1031,'Pippin','Tim','2008-11-27 00:00:00',NULL,1,1),(51,1032,'MacCallion','Amalia','2011-03-19 00:00:00',NULL,1,3),(52,1033,'Olkowicz','Frederigo','2012-07-30 00:00:00',NULL,1,2),(53,1034,'Onge','Delores','2011-11-11 00:00:00',NULL,1,2),(54,1035,'Fransson','Timothea','2008-03-24 00:00:00',NULL,1,2),(55,1036,'McKimm','Jaquenetta','2009-06-07 00:00:00',NULL,1,2),(56,1037,'Radish','Rosalinde','2009-03-20 00:00:00',NULL,1,2),(57,1038,'Marham','Tess','2008-08-25 00:00:00',NULL,1,2),(58,1039,'Bramsom','Merridie','2011-12-24 00:00:00',NULL,1,1),(59,1040,'Richford','Diahann','2009-09-13 00:00:00',NULL,1,2),(60,1041,'Cod','Lindon','2012-10-25 00:00:00',NULL,1,2),(61,1042,'Greated','Melisandra','2012-06-19 00:00:00',NULL,1,2),(62,1043,'Carragher','Karmen','2010-09-27 00:00:00',NULL,1,3),(63,1044,'Enston','Scott','2010-12-01 00:00:00',NULL,1,3),(64,1045,'Lever','Marney','2011-10-01 00:00:00',NULL,1,1),(65,1046,'Warboys','Brena','2012-04-19 00:00:00',NULL,1,2),(66,1047,'Jadczak','Cassy','2012-10-21 00:00:00',NULL,1,3),(67,1048,'Josse','Florence','2012-03-04 00:00:00',NULL,1,3),(68,1049,'Kinglesyd','Cyrillus','2011-10-15 00:00:00',NULL,1,3),(69,1050,'Houchin','Amber','2011-12-18 00:00:00',NULL,1,3),(70,1051,'Reeday','Denyse','2008-07-07 00:00:00',NULL,1,3),(71,1052,'Mollin','Dione','2008-09-17 00:00:00',NULL,1,1),(72,1053,'Wolvey','Clovis','2012-08-23 00:00:00',NULL,1,1),(73,1054,'Halwill','Clio','2011-07-29 00:00:00',NULL,1,1),(74,1055,'Stealey','Justin','2009-02-08 00:00:00',NULL,1,2),(75,1056,'Jakovijevic','Becca','2012-01-27 00:00:00',NULL,1,2),(76,1057,'Seward','Domini','2012-01-28 00:00:00',NULL,1,2),(77,1058,'Whaites','Jenda','2010-04-22 00:00:00',NULL,1,2),(78,1059,'Itzakovitz','Quinn','2009-10-20 00:00:00',NULL,1,3),(79,1060,'Tuffield','Lane','2009-08-23 00:00:00',NULL,1,2),(80,1061,'Beauly','Bail','2012-05-25 00:00:00',NULL,1,1),(81,1062,'Coldrick','Archibold','2010-04-09 00:00:00',NULL,1,2),(82,1063,'Lettsom','Cherrita','2008-12-03 00:00:00',NULL,1,3),(83,1064,'Housaman','Gilly','2010-06-12 00:00:00',NULL,1,3),(84,1065,'Frisel','Frasquito','2008-07-04 00:00:00',NULL,1,3),(85,1066,'Mougel','Christen','2010-02-25 00:00:00',NULL,1,3),(86,1067,'Llorente','Evvie','2009-11-13 00:00:00',NULL,1,3),(87,1068,'Tevelov','Claudius','2008-08-12 00:00:00',NULL,1,2),(88,1069,'Russen','Mortimer','2012-05-28 00:00:00',NULL,1,2),(89,1070,'Knolles-Green','Priscella','2012-01-10 00:00:00',NULL,1,2),(90,1071,'Cockson','Aloise','2010-08-14 00:00:00',NULL,1,3),(91,1072,'Torbeck','Edita','2011-07-15 00:00:00',NULL,1,3),(92,1073,'Gales','Harley','2008-12-14 00:00:00',NULL,1,1),(93,1074,'Reisenberg','Dorella','2012-02-07 00:00:00',NULL,1,2),(94,1075,'Canto','Leilah','2010-05-27 00:00:00',NULL,1,3),(95,1076,'Siemens','Ellynn','2011-04-02 00:00:00',NULL,1,2),(96,1077,'Olsen','Calv','2009-10-23 00:00:00',NULL,1,2),(97,1078,'Dallow','Andrea','2008-05-01 00:00:00',NULL,1,3),(98,1079,'Skyppe','Dieter','2008-10-01 00:00:00',NULL,1,3),(99,1080,'Pervoe','Nanine','2009-10-16 00:00:00',NULL,1,2),(100,1081,'Brabant','Tandy','2009-02-27 00:00:00',NULL,1,3),(101,1082,'Owlner','Keeley','2009-05-04 00:00:00',NULL,1,3),(102,1083,'Maplesden','Fredelia','2009-02-25 00:00:00',NULL,1,1),(103,1084,'Digle','Kennan','2008-09-07 00:00:00',NULL,1,1),(104,1021,'Blacklidge','Iggie','2011-05-02 00:00:00',NULL,1,3),(105,1022,'Barhem','Anthea','2011-02-19 00:00:00',NULL,1,2),(106,1023,'Bygrove','Geralda','2008-06-29 00:00:00',NULL,1,1),(107,1024,'Wellbeloved','Leese','2008-09-12 00:00:00',NULL,1,3),(108,1025,'Stiddard','Marylee','2010-04-25 00:00:00',NULL,1,3),(109,1026,'Milch','Ennis','2010-06-01 00:00:00',NULL,1,2),(110,1027,'Tillyer','Marcellus','2009-10-04 00:00:00',NULL,1,2),(111,1028,'Mannagh','Svend','2010-09-01 00:00:00',NULL,1,2),(112,1029,'Malcolmson','Land','2012-11-17 00:00:00',NULL,1,2),(113,1030,'Scrine','Niles','2009-05-07 00:00:00',NULL,1,1),(114,1031,'Pippin','Tim','2008-11-27 00:00:00',NULL,1,1),(115,1032,'MacCallion','Amalia','2011-03-19 00:00:00',NULL,1,3),(116,1033,'Olkowicz','Frederigo','2012-07-30 00:00:00',NULL,1,2),(117,1034,'Onge','Delores','2011-11-11 00:00:00',NULL,1,2),(118,1035,'Fransson','Timothea','2008-03-24 00:00:00',NULL,1,2),(119,1036,'McKimm','Jaquenetta','2009-06-07 00:00:00',NULL,1,2),(120,1037,'Radish','Rosalinde','2009-03-20 00:00:00',NULL,1,2),(121,1038,'Marham','Tess','2008-08-25 00:00:00',NULL,1,2),(122,1039,'Bramsom','Merridie','2011-12-24 00:00:00',NULL,1,1),(123,1040,'Richford','Diahann','2009-09-13 00:00:00',NULL,1,2),(124,1041,'Cod','Lindon','2012-10-25 00:00:00',NULL,1,2),(125,1042,'Greated','Melisandra','2012-06-19 00:00:00',NULL,1,2),(126,1043,'Carragher','Karmen','2010-09-27 00:00:00',NULL,1,3),(127,1044,'Enston','Scott','2010-12-01 00:00:00',NULL,1,3),(128,1045,'Lever','Marney','2011-10-01 00:00:00',NULL,1,1),(129,1046,'Warboys','Brena','2012-04-19 00:00:00',NULL,1,2),(130,1047,'Jadczak','Cassy','2012-10-21 00:00:00',NULL,1,3),(131,1048,'Josse','Florence','2012-03-04 00:00:00',NULL,1,3),(132,1049,'Kinglesyd','Cyrillus','2011-10-15 00:00:00',NULL,1,3),(133,1050,'Houchin','Amber','2011-12-18 00:00:00',NULL,1,3),(134,1051,'Reeday','Denyse','2008-07-07 00:00:00',NULL,1,3),(135,1052,'Mollin','Dione','2008-09-17 00:00:00',NULL,1,1),(136,1053,'Wolvey','Clovis','2012-08-23 00:00:00',NULL,1,1),(137,1054,'Halwill','Clio','2011-07-29 00:00:00',NULL,1,1),(138,1055,'Stealey','Justin','2009-02-08 00:00:00',NULL,1,2),(139,1056,'Jakovijevic','Becca','2012-01-27 00:00:00',NULL,1,2),(140,1057,'Seward','Domini','2012-01-28 00:00:00',NULL,1,2),(141,1058,'Whaites','Jenda','2010-04-22 00:00:00',NULL,1,2),(142,1059,'Itzakovitz','Quinn','2009-10-20 00:00:00',NULL,1,3),(143,1060,'Tuffield','Lane','2009-08-23 00:00:00',NULL,1,2),(144,1061,'Beauly','Bail','2012-05-25 00:00:00',NULL,1,1),(145,1062,'Coldrick','Archibold','2010-04-09 00:00:00',NULL,1,2),(146,1063,'Lettsom','Cherrita','2008-12-03 00:00:00',NULL,1,3),(147,1064,'Housaman','Gilly','2010-06-12 00:00:00',NULL,1,3),(148,1065,'Frisel','Frasquito','2008-07-04 00:00:00',NULL,1,3),(149,1066,'Mougel','Christen','2010-02-25 00:00:00',NULL,1,3),(150,1067,'Llorente','Evvie','2009-11-13 00:00:00',NULL,1,3),(151,1068,'Tevelov','Claudius','2008-08-12 00:00:00',NULL,1,2),(152,1069,'Russen','Mortimer','2012-05-28 00:00:00',NULL,1,2),(153,1070,'Knolles-Green','Priscella','2012-01-10 00:00:00',NULL,1,2),(154,1071,'Cockson','Aloise','2010-08-14 00:00:00',NULL,1,3),(155,1072,'Torbeck','Edita','2011-07-15 00:00:00',NULL,1,3),(156,1073,'Gales','Harley','2008-12-14 00:00:00',NULL,1,1),(157,1074,'Reisenberg','Dorella','2012-02-07 00:00:00',NULL,1,2),(158,1075,'Canto','Leilah','2010-05-27 00:00:00',NULL,1,3),(159,1076,'Siemens','Ellynn','2011-04-02 00:00:00',NULL,1,2),(160,1077,'Olsen','Calv','2009-10-23 00:00:00',NULL,1,2),(161,1078,'Dallow','Andrea','2008-05-01 00:00:00',NULL,1,3),(162,1079,'Skyppe','Dieter','2008-10-01 00:00:00',NULL,1,3),(163,1080,'Pervoe','Nanine','2009-10-16 00:00:00',NULL,1,2),(164,1081,'Brabant','Tandy','2009-02-27 00:00:00',NULL,1,3),(165,1082,'Owlner','Keeley','2009-05-04 00:00:00',NULL,1,3),(166,1083,'Maplesden','Fredelia','2009-02-25 00:00:00',NULL,1,1),(167,1084,'Digle','Kennan','2008-09-07 00:00:00',NULL,1,1),(168,1085,'Kinrade','Tomlin','2011-03-16 00:00:00',NULL,1,3),(169,1086,'McPhillips','Roselin','2008-09-22 00:00:00',NULL,1,3),(170,1087,'Seers','Berna','2012-11-04 00:00:00',NULL,1,1),(171,1088,'Halton','Artemus','2008-11-26 00:00:00',NULL,1,1),(172,1089,'Breede','Sarah','2009-09-10 00:00:00',NULL,1,1),(173,1090,'Seifenmacher','Tan','2012-11-05 00:00:00',NULL,1,1),(174,1091,'Rawne','Jorie','2009-02-24 00:00:00',NULL,1,3),(175,1092,'Bushaway','Belvia','2008-04-05 00:00:00',NULL,1,3),(176,1093,'Brafield','Cristy','2012-06-17 00:00:00',NULL,1,3),(177,1094,'Pandya','Nyssa','2012-06-06 00:00:00',NULL,1,3),(178,1095,'Ricks','Phillida','2008-05-03 00:00:00',NULL,1,2),(179,1096,'Anand','Zondra','2010-06-13 00:00:00',NULL,1,3),(180,1097,'Vigors','Brittni','2008-09-25 00:00:00',NULL,1,3),(181,1098,'Etty','Reina','2009-02-25 00:00:00',NULL,1,3),(182,1099,'Thurber','Miltie','2010-06-07 00:00:00',NULL,1,1),(183,1100,'Coatman','Daniela','2008-06-09 00:00:00',NULL,1,2),(184,1101,'Armitage','Rachele','2008-07-17 00:00:00',NULL,1,2),(185,1102,'Pickersgill','Gae','2010-12-19 00:00:00',NULL,1,3),(186,1103,'Bruck','Nellie','2010-04-20 00:00:00',NULL,1,2),(187,1104,'Swiffin','Kristian','2011-10-04 00:00:00',NULL,1,1),(188,1105,'Bolesworth','Lela','2011-10-07 00:00:00',NULL,1,1),(189,1106,'Brabyn','Pepi','2012-09-10 00:00:00',NULL,1,3),(190,1107,'Lucio','Gareth','2009-12-26 00:00:00',NULL,1,2),(191,1108,'Dradey','Balduin','2011-08-27 00:00:00',NULL,1,3),(192,1109,'Bagehot','Kennedy','2012-08-08 00:00:00',NULL,1,2),(193,1110,'Tankin','Evelyn','2012-04-03 00:00:00',NULL,1,1),(194,1111,'Niland','Simeon','2011-09-21 00:00:00',NULL,1,3),(195,1112,'Briant','Perrine','2011-10-08 00:00:00',NULL,1,2),(196,1113,'Celes','Philomena','2009-01-30 00:00:00',NULL,1,1),(197,1114,'Segar','Ardella','2008-10-24 00:00:00',NULL,1,3),(198,1115,'Haddrill','Oralie','2012-11-16 00:00:00',NULL,1,3),(199,1116,'Alessandrelli','Veradis','2010-06-25 00:00:00',NULL,1,1),(200,1117,'Rushworth','Shane','2012-03-25 00:00:00',NULL,1,2),(201,1118,'Kid','Kelcey','2009-08-06 00:00:00',NULL,1,1),(202,1119,'Soda','Anallese','2012-02-19 00:00:00',NULL,1,1),(203,1120,'Greatbanks','Enoch','2012-06-25 00:00:00',NULL,1,1),(204,1121,'Twining','Lutero','2010-12-17 00:00:00',NULL,1,1),(205,1122,'FitzAlan','Julia','2009-01-09 00:00:00',NULL,1,2),(206,1123,'Cheale','Vite','2008-12-28 00:00:00',NULL,1,1),(207,1124,'Lynnitt','Myrle','2010-11-29 00:00:00',NULL,1,2),(208,1125,'Marsh','Dorelia','2009-03-31 00:00:00',NULL,1,1),(209,1126,'Collinette','Sena','2011-06-12 00:00:00',NULL,1,2),(210,1127,'Varndall','Sutherland','2009-10-25 00:00:00',NULL,1,2),(211,1128,'McGeffen','Vally','2008-05-24 00:00:00',NULL,1,1),(212,1129,'Marton','Clint','2008-04-05 00:00:00',NULL,1,3),(213,1130,'Leer','Pavla','2008-12-03 00:00:00',NULL,1,1),(214,1131,'Vany','Sayres','2010-03-17 00:00:00',NULL,1,2),(215,1132,'Wank','Janene','2010-03-19 00:00:00',NULL,1,3),(216,1133,'Hinstock','Rowan','2009-10-31 00:00:00',NULL,1,3),(217,1134,'Cawthron','Meta','2010-03-10 00:00:00',NULL,1,2),(218,1135,'Leguay','Pip','2008-10-20 00:00:00',NULL,1,1),(219,1136,'McCullagh','Erasmus','2011-12-20 00:00:00',NULL,1,3),(220,1137,'Tremblot','Consolata','2009-12-27 00:00:00',NULL,1,2),(221,1138,'Armal','Kari','2009-07-10 00:00:00',NULL,1,1),(222,1139,'Barns','Bernadene','2011-01-06 00:00:00',NULL,1,2),(223,1140,'Guyot','Clayton','2012-04-03 00:00:00',NULL,1,2),(224,1141,'Rime','Carlo','2009-02-24 00:00:00',NULL,1,1),(225,1142,'Djurdjevic','Marissa','2010-05-10 00:00:00',NULL,1,3),(226,1143,'Rendbaek','Luce','2009-06-08 00:00:00',NULL,1,2),(227,1144,'Kinsella','Dorita','2011-02-13 00:00:00',NULL,1,3),(228,1145,'Summerill','Vittoria','2011-02-02 00:00:00',NULL,1,3),(229,1146,'Byforth','Magda','2011-09-13 00:00:00',NULL,1,3),(230,1147,'Burnup','Ajay','2010-06-19 00:00:00',NULL,1,1),(231,1148,'Mateescu','Hali','2008-05-31 00:00:00',NULL,1,1),(232,1149,'Dowthwaite','Nolie','2010-08-14 00:00:00',NULL,1,3),(233,1150,'Deerr','Dacy','2012-09-26 00:00:00',NULL,1,3),(234,1151,'Innocent','Ora','2012-08-23 00:00:00',NULL,1,2),(235,1152,'Robardey','Carly','2010-09-11 00:00:00',NULL,1,1),(236,1153,'Oakwood','Annmarie','2009-03-13 00:00:00',NULL,1,3),(237,1154,'Collumbine','Benjamin','2011-09-28 00:00:00',NULL,1,3),(238,1155,'Schoffler','Lionel','2008-01-31 00:00:00',NULL,1,1),(239,1156,'Sawley','Ailis','2008-12-13 00:00:00',NULL,1,1),(240,1157,'Arbor','Care','2009-03-31 00:00:00',NULL,1,2),(241,1158,'Coakley','Cynthy','2010-08-07 00:00:00',NULL,1,2),(242,1159,'Streat','Lawry','2012-09-17 00:00:00',NULL,1,3),(243,1160,'Pendrich','Jamima','2009-06-21 00:00:00',NULL,1,2),(244,1161,'Nickell','Marie-jeanne','2008-04-23 00:00:00',NULL,1,3),(245,1162,'Bruinsma','Dyane','2010-05-16 00:00:00',NULL,1,2),(246,1163,'Burchall','Roldan','2011-02-14 00:00:00',NULL,1,1),(247,1164,'Sommerton','Bendix','2009-02-08 00:00:00',NULL,1,2),(248,1165,'Gillanders','Svend','2008-07-04 00:00:00',NULL,1,3),(249,1166,'Harmon','Kalle','2012-03-02 00:00:00',NULL,1,3),(250,1167,'Bettley','Allen','2008-11-20 00:00:00',NULL,1,2),(251,1168,'Waple','Hillie','2008-08-19 00:00:00',NULL,1,1),(252,1169,'Germaine','Jeanette','2010-06-05 00:00:00',NULL,1,1),(253,1170,'Luca','Hynda','2010-02-13 00:00:00',NULL,1,2),(254,1171,'Hallick','Elisha','2010-12-30 00:00:00',NULL,1,1),(255,1172,'Melato','Cati','2009-01-04 00:00:00',NULL,1,2),(256,1173,'McCool','Marion','2008-06-29 00:00:00',NULL,1,2),(257,1174,'Kleinber','Banky','2009-11-03 00:00:00',NULL,1,2),(258,1175,'Peotz','Vally','2011-09-07 00:00:00',NULL,1,2),(259,1176,'Tuckley','Harbert','2012-03-03 00:00:00',NULL,1,2),(260,1177,'Mariot','Von','2011-12-26 00:00:00',NULL,1,3),(261,1178,'Gullefant','Johnna','2010-07-08 00:00:00',NULL,1,3),(262,1179,'MacVicar','Zacharia','2012-04-19 00:00:00',NULL,1,2),(263,1180,'Brittian','Lily','2010-07-08 00:00:00',NULL,1,3),(264,1181,'Jealous','Margot','2010-07-11 00:00:00',NULL,1,3),(265,1182,'Ginglell','Jamie','2011-04-04 00:00:00',NULL,1,2),(266,1183,'MacQuist','Edan','2008-09-24 00:00:00',NULL,1,1),(267,1184,'Scrivens','Demetrius','2009-04-05 00:00:00',NULL,1,1),(268,1185,'Lente','Ophelie','2010-11-19 00:00:00',NULL,1,1),(269,1186,'Morrell','Ruthie','2010-08-05 00:00:00',NULL,1,1),(270,1187,'Eixenberger','Lucias','2009-09-15 00:00:00',NULL,1,2),(271,1188,'Leavens','Rosalynd','2009-02-21 00:00:00',NULL,1,3),(272,1189,'Spat','Peria','2010-11-11 00:00:00',NULL,1,2),(273,1190,'Crut','Zilvia','2008-05-17 00:00:00',NULL,1,2),(274,1191,'Porson','Evvy','2012-04-22 00:00:00',NULL,1,2),(275,1192,'Newband','Marv','2010-10-10 00:00:00',NULL,1,1),(276,1193,'Mawman','Tarah','2012-04-15 00:00:00',NULL,1,3),(277,1194,'Grinyov','Ivonne','2009-06-29 00:00:00',NULL,1,3),(278,1195,'Magson','Glenn','2010-09-11 00:00:00',NULL,1,3),(279,1196,'Eastman','Winnifred','2008-07-21 00:00:00',NULL,1,1),(280,1197,'Houlaghan','Joleen','2012-08-23 00:00:00',NULL,1,2),(281,1198,'Moloney','Brander','2011-08-09 00:00:00',NULL,1,2),(282,1199,'Bradforth','Patience','2012-10-24 00:00:00',NULL,1,1),(283,1200,'McDowell','Marylee','2009-09-26 00:00:00',NULL,1,3),(284,1201,'Briars','Nathalie','2009-08-28 00:00:00',NULL,1,3),(285,1202,'Joye','Anthea','2008-04-28 00:00:00',NULL,1,3),(286,1203,'Snasdell','Ulrica','2012-01-03 00:00:00',NULL,1,1),(287,1204,'Cornall','Edwin','2009-11-16 00:00:00',NULL,1,3),(288,1205,'Wickardt','Linus','2010-06-20 00:00:00',NULL,1,2),(289,1206,'Avrashin','Breanne','2009-06-02 00:00:00',NULL,1,3),(290,1207,'MacQuarrie','Karim','2008-12-02 00:00:00',NULL,1,3),(291,1208,'Taile','Martica','2011-08-08 00:00:00',NULL,1,2),(292,1209,'Drews','Laina','2009-05-23 00:00:00',NULL,1,2),(293,1210,'Beasleigh','Cary','2010-12-25 00:00:00',NULL,1,1),(294,1211,'Moraleda','Jenna','2012-02-24 00:00:00',NULL,1,3),(295,1212,'Avramow','Misti','2009-09-11 00:00:00',NULL,1,3),(296,1213,'Dive','Granny','2008-11-01 00:00:00',NULL,1,1),(297,1214,'Lecky','Colline','2008-07-18 00:00:00',NULL,1,2),(298,1215,'Dalrymple','Gauthier','2008-06-25 00:00:00',NULL,1,2),(299,1216,'Ding','Dominga','2012-02-18 00:00:00',NULL,1,3),(300,1217,'Pizzey','Minnnie','2009-01-13 00:00:00',NULL,1,3),(301,1218,'Goult','Lindie','2009-05-23 00:00:00',NULL,1,3),(302,1219,'Espinet','Fidelity','2012-09-26 00:00:00',NULL,1,2),(303,1220,'Mettrick','Erica','2010-03-03 00:00:00',NULL,1,3),(304,1221,'Stell','Ruthe','2009-11-07 00:00:00','2013-10-22 00:00:00',0,1),(305,1222,'Gullyes','Rosy','2012-08-31 00:00:00','2018-09-23 00:00:00',0,2),(306,1223,'McJarrow','Arabele','2009-09-18 00:00:00','2014-06-24 00:00:00',0,2),(307,1224,'Swadlinge','Judd','2012-02-14 00:00:00','2017-12-07 00:00:00',0,1),(308,1225,'Van Brug','Witty','2008-09-23 00:00:00','2017-03-18 00:00:00',0,2),(309,1226,'Vedeniktov','Clim','2011-04-14 00:00:00','2015-04-25 00:00:00',0,3),(310,1227,'Avon','Nan','2012-07-08 00:00:00','2016-08-24 00:00:00',0,2),(311,1228,'Fronks','Constantia','2012-11-04 00:00:00','2017-08-26 00:00:00',0,3),(312,1229,'Menault','Latrina','2010-09-01 00:00:00','2016-03-04 00:00:00',0,3),(313,1230,'Gornall','Dotti','2010-04-05 00:00:00','2018-04-26 00:00:00',0,2),(314,1231,'Busse','Thomasin','2012-01-24 00:00:00','2014-02-08 00:00:00',0,1),(315,1232,'Alsford','Novelia','2009-02-06 00:00:00','2017-09-25 00:00:00',0,3),(316,1233,'Kimbell','Linn','2010-02-13 00:00:00','2017-09-06 00:00:00',0,1),(317,1234,'Zeale','Lauren','2010-09-22 00:00:00','2014-12-19 00:00:00',0,3),(318,1235,'Scallon','Gerald','2012-01-23 00:00:00','2015-12-26 00:00:00',0,2),(319,1236,'Vicker','Brenden','2012-05-03 00:00:00','2014-07-30 00:00:00',0,3),(320,1237,'Lacy','Bendicty','2012-02-13 00:00:00','2017-04-11 00:00:00',0,1),(321,1238,'Stelli','Floyd','2011-04-11 00:00:00','2016-06-30 00:00:00',0,2),(322,1239,'MacDonagh','Adham','2009-01-05 00:00:00','2017-11-18 00:00:00',0,2),(323,1240,'McCalum','Jamie','2011-10-17 00:00:00','2015-10-09 00:00:00',0,3),(324,1241,'Brunnen','Iver','2012-06-22 00:00:00','2013-09-20 00:00:00',0,1),(325,1242,'MacParlan','Nicolle','2008-03-09 00:00:00','2013-11-23 00:00:00',0,2),(326,1243,'Jirsa','Betti','2010-09-23 00:00:00','2018-10-12 00:00:00',0,1),(327,1244,'Grinyer','Axel','2009-02-05 00:00:00','2015-07-07 00:00:00',0,1),(328,1245,'Sterte','Cristin','2011-07-30 00:00:00','2013-02-08 00:00:00',0,3),(329,1246,'Benz','Michaella','2012-10-01 00:00:00','2017-11-09 00:00:00',0,3),(330,1247,'Massy','Adolpho','2008-04-27 00:00:00','2016-12-28 00:00:00',0,2),(331,1248,'Blackah','Woody','2011-03-10 00:00:00','2017-03-11 00:00:00',0,3),(332,1249,'Cornbill','Mateo','2011-09-09 00:00:00','2018-04-06 00:00:00',0,2),(333,1250,'Harper','Beau','2011-05-30 00:00:00','2014-06-17 00:00:00',0,2),(334,1251,'Honack','Betsy','2008-11-10 00:00:00','2018-02-01 00:00:00',0,1),(335,1252,'Omar','Adams','2010-06-07 00:00:00','2013-05-30 00:00:00',0,2),(336,1253,'Mendes','Pennie','2010-12-07 00:00:00','2017-10-24 00:00:00',0,1),(337,1254,'Geydon','Gertruda','2009-07-14 00:00:00','2017-01-25 00:00:00',0,3),(338,1255,'Gabbitus','Kristin','2012-03-07 00:00:00','2015-08-28 00:00:00',0,2),(339,1256,'Reiling','Eda','2010-10-11 00:00:00','2018-10-20 00:00:00',0,2),(340,1257,'Dufaire','Hanny','2008-07-30 00:00:00','2013-06-24 00:00:00',0,1),(341,1258,'Manhare','Shelbi','2008-11-05 00:00:00','2015-03-23 00:00:00',0,3),(342,1259,'Denisyev','Dahlia','2012-10-06 00:00:00','2013-10-03 00:00:00',0,3),(343,1260,'Kelshaw','Barnabas','2011-05-15 00:00:00','2018-04-11 00:00:00',0,1),(344,1261,'Dowdell','Binnie','2009-06-07 00:00:00','2017-03-14 00:00:00',0,1),(345,1262,'Luparto','Alick','2011-03-21 00:00:00','2014-08-24 00:00:00',0,1),(346,1263,'Polland','Drugi','2010-07-30 00:00:00','2018-09-11 00:00:00',0,2),(347,1264,'Janiak','Valry','2009-07-06 00:00:00','2018-01-09 00:00:00',0,1),(348,1265,'Schoffler','Noelle','2008-06-06 00:00:00','2014-02-12 00:00:00',0,3),(349,1266,'Capron','Lilllie','2010-04-17 00:00:00','2013-02-14 00:00:00',0,3),(350,1267,'Towe','Storm','2011-06-20 00:00:00','2014-05-01 00:00:00',0,3),(351,1268,'Tarbin','Udell','2011-08-30 00:00:00','2014-06-25 00:00:00',0,2),(352,1269,'Jewiss','Raphaela','2011-02-11 00:00:00','2015-09-16 00:00:00',0,2),(353,1270,'Brazenor','Benjie','2012-07-21 00:00:00','2013-05-26 00:00:00',0,3),(354,1271,'Ashlin','Kristan','2012-05-13 00:00:00','2015-03-30 00:00:00',0,2),(355,1272,'Shurey','Demetra','2012-06-02 00:00:00','2017-09-17 00:00:00',0,2),(356,1273,'Cottle','De witt','2012-05-25 00:00:00','2013-11-04 00:00:00',0,2),(357,1274,'MacSporran','Ber','2011-09-26 00:00:00','2014-07-30 00:00:00',0,2),(358,1275,'Mouatt','Wilbur','2010-05-27 00:00:00','2016-04-22 00:00:00',0,3),(359,1276,'Vannoort','Stanton','2008-06-04 00:00:00','2017-12-13 00:00:00',0,3),(360,1277,'D\'Alessandro','Weider','2010-05-14 00:00:00','2015-08-01 00:00:00',0,1),(361,1278,'Drynan','Sly','2009-02-22 00:00:00','2017-10-05 00:00:00',0,2),(362,1279,'Waugh','Bartel','2008-02-11 00:00:00','2018-10-08 00:00:00',0,3),(363,1280,'O\'Hoolahan','Gerianne','2008-12-07 00:00:00','2018-04-22 00:00:00',0,3),(364,1281,'Keddie','Bald','2008-07-24 00:00:00','2018-09-20 00:00:00',0,2),(365,1282,'Tootell','Em','2011-10-01 00:00:00','2015-05-18 00:00:00',0,3),(366,1283,'Panyer','Keelby','2012-08-27 00:00:00','2014-10-27 00:00:00',0,2),(367,1284,'Kibard','Oswald','2008-12-26 00:00:00','2018-07-03 00:00:00',0,2),(368,1285,'Ducket','Arman','2012-03-17 00:00:00','2015-03-23 00:00:00',0,3),(369,1286,'Mulberry','Desi','2010-02-01 00:00:00','2018-07-12 00:00:00',0,1),(370,1287,'Loomis','Darin','2012-06-15 00:00:00','2016-02-09 00:00:00',0,3),(371,1288,'Demeter','Bibbye','2008-04-27 00:00:00','2014-08-05 00:00:00',0,1),(372,1289,'Mcettrick','Valerye','2012-07-12 00:00:00','2015-10-24 00:00:00',0,1),(373,1290,'Liston','Kora','2012-11-03 00:00:00','2016-12-28 00:00:00',0,2),(374,1291,'Moylan','Lilas','2009-10-26 00:00:00','2018-06-10 00:00:00',0,1),(375,1292,'Easum','Rodina','2010-03-18 00:00:00','2017-01-11 00:00:00',0,2),(376,1293,'Rama','Blaire','2011-07-01 00:00:00','2018-06-10 00:00:00',0,2),(377,1294,'Marzele','Chickie','2010-08-18 00:00:00','2015-10-30 00:00:00',0,3),(378,1295,'Rupke','Leo','2011-11-18 00:00:00','2017-09-18 00:00:00',0,3),(379,1296,'Crumbie','Bob','2011-09-06 00:00:00','2017-07-29 00:00:00',0,1),(380,1297,'Dermot','Niven','2008-11-01 00:00:00','2013-01-26 00:00:00',0,3),(381,1298,'Brunt','Frayda','2012-08-10 00:00:00','2015-10-15 00:00:00',0,1),(382,1299,'Wildor','Friederike','2010-11-20 00:00:00','2018-01-02 00:00:00',0,2),(383,1300,'Roy','Francisca','2008-06-07 00:00:00','2017-04-24 00:00:00',0,2),(384,1301,'Fabri','Harcourt','2009-10-23 00:00:00','2013-10-17 00:00:00',0,1),(385,1302,'Boman','Forrester','2008-10-01 00:00:00','2016-06-04 00:00:00',0,1),(386,1303,'Erat','Hugibert','2008-07-14 00:00:00','2016-12-18 00:00:00',0,2),(387,1304,'Buckham','Adria','2012-06-23 00:00:00','2014-03-23 00:00:00',0,3),(388,1305,'Steuart','Jonas','2009-07-27 00:00:00','2018-02-28 00:00:00',0,2),(389,1306,'Humphrey','Raynard','2009-11-26 00:00:00','2013-08-09 00:00:00',0,2),(390,1307,'D\'Angeli','Minor','2010-09-22 00:00:00','2015-09-01 00:00:00',0,1),(391,1308,'Allner','Mavra','2009-12-08 00:00:00','2016-12-01 00:00:00',0,2),(392,1309,'Carvil','Heall','2008-05-04 00:00:00','2012-12-30 00:00:00',0,1),(393,1310,'Finlry','Stephi','2011-06-29 00:00:00','2015-02-18 00:00:00',0,1),(394,1311,'McDugal','Pauletta','2009-04-29 00:00:00','2016-05-02 00:00:00',0,2),(395,1312,'Richardot','Raquela','2012-08-01 00:00:00','2015-01-04 00:00:00',0,3),(396,1313,'Rodrig','Davidson','2012-03-31 00:00:00','2018-08-06 00:00:00',0,3),(397,1314,'Steere','Nevil','2009-09-20 00:00:00','2016-06-17 00:00:00',0,3),(398,1315,'Denyer','Wolfgang','2008-08-07 00:00:00','2017-08-04 00:00:00',0,2),(399,1316,'Catterell','Joni','2008-12-25 00:00:00','2017-07-10 00:00:00',0,2),(400,1317,'Maybery','Inga','2012-09-15 00:00:00','2015-04-28 00:00:00',0,1),(401,1318,'Stonebanks','Beth','2008-09-27 00:00:00','2012-12-16 00:00:00',0,2),(402,1319,'Coultous','Janean','2011-09-14 00:00:00','2017-01-13 00:00:00',0,1),(403,1320,'Kilgrew','Dolorita','2009-10-24 00:00:00','2017-09-08 00:00:00',0,1);
/*!40000 ALTER TABLE `advisor` ENABLE KEYS */;
UNLOCK TABLES;

--
-- Table structure for table `advisor_investment_type`
--

DROP TABLE IF EXISTS `advisor_investment_type`;
/*!40101 SET @saved_cs_client     = @@character_set_client */;
/*!40101 SET character_set_client = utf8 */;
CREATE TABLE `advisor_investment_type` (
  `advisor_investment_type_id` int(10) unsigned NOT NULL AUTO_INCREMENT,
  `advisor_id` int(11) DEFAULT NULL,
  `investment_type_id` int(11) DEFAULT NULL,
  PRIMARY KEY (`advisor_investment_type_id`),
  KEY `advisor_id_idx` (`advisor_id`),
  KEY `investment_type_id_idx` (`investment_type_id`),
  CONSTRAINT `advisor_id` FOREIGN KEY (`advisor_id`) REFERENCES `advisor` (`advisor_id`) ON DELETE NO ACTION ON UPDATE NO ACTION,
  CONSTRAINT `investment_type_id` FOREIGN KEY (`investment_type_id`) REFERENCES `investment_type` (`investment_type_id`) ON DELETE NO ACTION ON UPDATE NO ACTION
) ENGINE=InnoDB AUTO_INCREMENT=565 DEFAULT CHARSET=latin1;
/*!40101 SET character_set_client = @saved_cs_client */;

--
-- Dumping data for table `advisor_investment_type`
--

LOCK TABLES `advisor_investment_type` WRITE;
/*!40000 ALTER TABLE `advisor_investment_type` DISABLE KEYS */;
INSERT INTO `advisor_investment_type` VALUES (1,40,8),(2,41,7),(3,42,8),(4,43,5),(5,44,8),(6,45,6),(7,46,4),(8,47,4),(9,48,6),(10,49,6),(11,50,4),(12,51,7),(13,52,5),(14,53,6),(15,54,7),(16,55,4),(17,56,6),(18,57,8),(19,58,8),(20,59,5),(21,60,7),(22,61,5),(23,62,6),(24,63,6),(25,64,6),(26,65,6),(27,66,5),(28,67,8),(29,68,4),(30,69,8),(31,70,8),(32,71,5),(33,72,6),(34,73,5),(35,74,6),(36,75,7),(37,76,8),(38,77,8),(39,78,4),(40,79,6),(41,80,6),(42,81,6),(43,82,5),(44,83,7),(45,84,5),(46,85,8),(47,86,5),(48,87,7),(49,88,5),(50,89,7),(51,90,5),(52,91,5),(53,92,5),(54,93,5),(55,94,8),(56,95,7),(57,96,4),(58,97,4),(59,98,8),(60,99,8),(61,100,8),(62,101,7),(63,102,7),(64,103,7),(65,104,6),(66,105,4),(67,106,7),(68,107,5),(69,108,6),(70,109,7),(71,110,6),(72,111,8),(73,112,7),(74,113,4),(75,114,7),(76,115,5),(77,116,7),(78,117,5),(79,118,6),(80,119,8),(81,120,5),(82,121,7),(83,122,8),(84,123,8),(85,124,8),(86,125,4),(87,126,5),(88,127,5),(89,128,8),(90,129,6),(91,130,8),(92,131,4),(93,132,6),(94,133,6),(95,134,7),(96,135,5),(97,136,4),(98,137,8),(99,138,6),(100,139,6),(101,140,4),(102,141,4),(103,142,8),(104,143,4),(105,144,8),(106,145,4),(107,146,4),(108,147,4),(109,148,6),(110,149,4),(111,150,8),(112,151,6),(113,152,8),(114,153,8),(115,154,6),(116,155,5),(117,156,6),(118,157,6),(119,158,6),(120,159,7),(121,160,4),(122,161,8),(123,162,6),(124,163,8),(125,164,5),(126,165,8),(127,166,8),(128,167,6),(129,168,8),(130,169,7),(131,170,7),(132,171,8),(133,172,5),(134,173,6),(135,174,8),(136,175,7),(137,176,6),(138,177,7),(139,178,6),(140,179,8),(141,180,4),(142,181,4),(143,182,4),(144,183,8),(145,184,5),(146,185,6),(147,186,5),(148,187,4),(149,188,7),(150,189,5),(151,190,7),(152,191,6),(153,192,5),(154,193,4),(155,194,7),(156,195,8),(157,196,8),(158,197,5),(159,198,7),(160,199,6),(161,200,4),(162,201,7),(163,202,7),(164,203,4),(165,204,6),(166,205,4),(167,206,7),(168,207,7),(169,208,5),(170,209,7),(171,210,4),(172,211,4),(173,212,6),(174,213,4),(175,214,4),(176,215,4),(177,216,7),(178,217,4),(179,218,6),(180,219,7),(181,220,4),(182,221,7),(183,222,8),(184,223,5),(185,224,8),(186,225,6),(187,226,6),(188,227,5),(189,228,7),(190,229,8),(191,230,7),(192,231,7),(193,232,6),(194,233,5),(195,234,6),(196,235,6),(197,236,4),(198,237,5),(199,238,5),(200,239,4),(201,40,1),(202,41,2),(203,42,3),(204,43,2),(205,44,2),(206,45,2),(207,46,1),(208,47,3),(209,48,1),(210,49,2),(211,50,3),(212,51,2),(213,52,1),(214,53,1),(215,54,1),(216,55,3),(217,56,1),(218,57,3),(219,58,1),(220,59,1),(221,60,3),(222,61,1),(223,62,3),(224,63,3),(225,64,3),(226,65,2),(227,66,3),(228,67,1),(229,68,3),(230,69,2),(231,70,1),(232,71,3),(233,72,3),(234,73,3),(235,74,2),(236,75,1),(237,76,1),(238,77,2),(239,78,3),(240,79,1),(241,80,3),(242,81,2),(243,82,3),(244,83,2),(245,84,2),(246,85,1),(247,86,3),(248,87,1),(249,88,3),(250,89,3),(251,90,1),(252,91,1),(253,92,3),(254,93,2),(255,94,3),(256,95,1),(257,96,3),(258,97,2),(259,98,2),(260,99,2),(261,100,3),(262,101,3),(263,102,1),(264,103,1),(265,104,3),(266,105,1),(267,106,1),(268,107,1),(269,108,3),(270,109,2),(271,110,1),(272,111,3),(273,112,1),(274,113,3),(275,114,1),(276,115,2),(277,116,1),(278,117,1),(279,118,3),(280,119,2),(281,120,3),(282,121,3),(283,122,3),(284,123,1),(285,124,2),(286,125,1),(287,126,2),(288,127,3),(289,128,1),(290,129,2),(291,130,2),(292,131,3),(293,132,3),(294,133,1),(295,134,1),(296,135,2),(297,136,3),(298,137,2),(299,138,2),(300,139,2),(301,140,2),(302,141,3),(303,142,1),(304,143,3),(305,144,3),(306,145,3),(307,146,2),(308,147,1),(309,148,2),(310,149,3),(311,150,3),(312,151,1),(313,152,2),(314,153,2),(315,154,1),(316,155,2),(317,156,3),(318,157,3),(319,158,3),(320,159,1),(321,160,3),(322,161,1),(323,162,3),(324,163,2),(325,164,3),(326,165,3),(327,166,1),(328,167,3),(329,168,3),(330,169,1),(331,170,3),(332,171,1),(333,172,3),(334,173,3),(335,174,1),(336,175,3),(337,176,1),(338,177,3),(339,178,2),(340,179,2),(341,180,3),(342,181,2),(343,182,3),(344,183,3),(345,184,2),(346,185,1),(347,186,2),(348,187,2),(349,188,2),(350,189,1),(351,190,3),(352,191,1),(353,192,3),(354,193,3),(355,194,3),(356,195,1),(357,196,2),(358,197,1),(359,198,3),(360,199,2),(361,200,3),(362,201,1),(363,202,2),(364,203,2),(365,204,1),(366,205,3),(367,206,3),(368,207,1),(369,208,1),(370,209,1),(371,210,3),(372,211,2),(373,212,3),(374,213,1),(375,214,1),(376,215,2),(377,216,1),(378,217,3),(379,218,2),(380,219,2),(381,220,1),(382,221,1),(383,222,2),(384,223,1),(385,224,2),(386,225,2),(387,226,2),(388,227,3),(389,228,1),(390,229,3),(391,230,3),(392,231,3),(393,232,1),(394,233,3),(395,234,3),(396,235,1),(397,236,1),(398,237,2),(399,238,2),(400,239,2),(401,240,3),(402,241,2),(403,242,1),(404,243,3),(405,244,2),(406,245,1),(407,246,2),(408,247,2),(409,248,3),(410,249,3),(411,250,2),(412,251,1),(413,252,3),(414,253,3),(415,254,2),(416,255,2),(417,256,1),(418,257,1),(419,258,3),(420,259,1),(421,260,1),(422,261,1),(423,262,2),(424,263,2),(425,264,1),(426,265,3),(427,266,1),(428,267,1),(429,268,2),(430,269,3),(431,270,2),(432,271,2),(433,272,2),(434,273,2),(435,274,2),(436,275,2),(437,276,2),(438,277,3),(439,278,1),(440,279,3),(441,280,2),(442,281,2),(443,282,3),(444,283,3),(445,284,1),(446,285,1),(447,286,2),(448,287,1),(449,288,2),(450,289,3),(451,290,2),(452,291,2),(453,292,1),(454,293,1),(455,294,2),(456,295,2),(457,296,3),(458,297,2),(459,298,3),(460,299,3),(461,300,2),(462,301,2),(463,302,1),(464,303,3),(465,304,1),(466,305,1),(467,306,2),(468,307,3),(469,308,1),(470,309,3),(471,310,1),(472,311,3),(473,312,3),(474,313,3),(475,314,3),(476,315,1),(477,316,1),(478,317,1),(479,318,2),(480,319,2),(481,320,2),(482,321,1),(483,322,3),(484,323,1),(485,324,2),(486,325,3),(487,326,3),(488,327,3),(489,328,2),(490,329,3),(491,330,2),(492,331,3),(493,332,3),(494,333,1),(495,334,2),(496,335,1),(497,336,1),(498,337,2),(499,338,3),(500,339,1),(501,340,1),(502,341,1),(503,342,2),(504,343,3),(505,344,2),(506,345,1),(507,346,2),(508,347,2),(509,348,1),(510,349,1),(511,350,1),(512,351,3),(513,352,2),(514,353,1),(515,354,3),(516,355,2),(517,356,2),(518,357,1),(519,358,2),(520,359,1),(521,360,1),(522,361,1),(523,362,3),(524,363,2),(525,364,2),(526,365,1),(527,366,1),(528,367,2),(529,368,2),(530,369,3),(531,370,1),(532,371,2),(533,372,2),(534,373,1),(535,374,3),(536,375,2),(537,376,1),(538,377,1),(539,378,2),(540,379,2),(541,380,3),(542,381,3),(543,382,2),(544,383,3),(545,384,1),(546,385,1),(547,386,1),(548,387,2),(549,388,1),(550,389,3),(551,390,3),(552,391,1),(553,392,2),(554,393,1),(555,394,1),(556,395,3),(557,396,2),(558,397,2),(559,398,1),(560,399,3),(561,400,3),(562,401,2),(563,402,2),(564,403,1);
/*!40000 ALTER TABLE `advisor_investment_type` ENABLE KEYS */;
UNLOCK TABLES;

--
-- Table structure for table `client`
--

DROP TABLE IF EXISTS `client`;
/*!40101 SET @saved_cs_client     = @@character_set_client */;
/*!40101 SET character_set_client = utf8 */;
CREATE TABLE `client` (
  `client_id` int(11) NOT NULL AUTO_INCREMENT,
  `client_lname` varchar(45) DEFAULT NULL,
  `client_fname` varchar(45) DEFAULT NULL,
  `contact_info_id` int(11) DEFAULT NULL,
  `account_id` int(11) DEFAULT NULL,
  `advisor_id` int(11) DEFAULT NULL,
  `start_date` datetime DEFAULT NULL,
  `end_date` datetime DEFAULT NULL,
  `account_balance` decimal(20,0) DEFAULT NULL,
  PRIMARY KEY (`client_id`),
  UNIQUE KEY `client_id_UNIQUE` (`client_id`),
  KEY `advisor_id_idx` (`advisor_id`),
  KEY `account id_idx` (`account_id`),
  KEY `contact info id_idx` (`contact_info_id`),
  CONSTRAINT `account id` FOREIGN KEY (`account_id`) REFERENCES `account` (`account_id`) ON DELETE NO ACTION ON UPDATE NO ACTION,
  CONSTRAINT `advisor id` FOREIGN KEY (`advisor_id`) REFERENCES `advisor` (`advisor_id`) ON DELETE NO ACTION ON UPDATE NO ACTION,
  CONSTRAINT `contact info id` FOREIGN KEY (`contact_info_id`) REFERENCES `contact_info` (`contact_info_id`) ON DELETE NO ACTION ON UPDATE NO ACTION
) ENGINE=InnoDB AUTO_INCREMENT=651 DEFAULT CHARSET=latin1;
/*!40101 SET character_set_client = @saved_cs_client */;

--
-- Dumping data for table `client`
--

LOCK TABLES `client` WRITE;
/*!40000 ALTER TABLE `client` DISABLE KEYS */;
INSERT INTO `client` VALUES (1,'Fullager','Yuri',1371,2,43,'2011-09-30 00:00:00',NULL,122133),(2,'Semrad','Giffer',1372,3,148,'2017-09-16 00:00:00',NULL,139490),(3,'Lubbock','Winn',1373,2,247,'2014-08-09 00:00:00',NULL,98007),(4,'Larrett','Sibley',1374,3,249,'2009-02-23 00:00:00',NULL,43556),(5,'Lyman','Allsun',1375,1,45,'2016-10-13 00:00:00',NULL,15616),(6,'Brugman','Lionel',1376,2,148,'2012-07-28 00:00:00',NULL,115424),(7,'Philippet','Jacques',1377,3,159,'2011-04-22 00:00:00',NULL,9838),(8,'De Hoogh','Carma',1378,3,42,'2017-08-17 00:00:00',NULL,102301),(9,'Langhorne','Carree',1379,2,300,'2011-12-11 00:00:00',NULL,15704),(10,'Balasini','Sandie',1380,3,237,'2010-01-06 00:00:00',NULL,225619),(11,'Bortolotti','Edyth',1381,2,295,'2016-06-01 00:00:00',NULL,205786),(12,'Gilding','Mattie',1382,1,197,'2018-03-24 00:00:00',NULL,35037),(13,'Sloane','Basilio',1383,3,61,'2014-04-04 00:00:00',NULL,248078),(14,'Stiling','Sabra',1384,2,216,'2009-06-28 00:00:00',NULL,283811),(15,'Wontner','Xylina',1385,3,89,'2014-10-07 00:00:00',NULL,15873),(16,'Haddock','Johan',1386,2,256,'2016-12-13 00:00:00',NULL,230814),(17,'Wyard','Daren',1387,3,250,'2010-09-07 00:00:00',NULL,281233),(18,'Kewzick','Dolorita',1388,2,202,'2016-03-03 00:00:00',NULL,210889),(19,'Morling','Kerry',1389,3,112,'2010-12-03 00:00:00',NULL,232806),(20,'Dayne','Dolorita',1390,3,205,'2016-06-07 00:00:00',NULL,229047),(21,'Ibbotson','Carlin',1391,1,261,'2012-03-27 00:00:00',NULL,205641),(22,'Cheek','Sybilla',1392,2,283,'2014-08-30 00:00:00',NULL,241650),(23,'Libbey','Tammy',1393,3,70,'2014-01-17 00:00:00',NULL,120129),(24,'Blankman','Kasper',1394,1,47,'2009-12-27 00:00:00',NULL,19485),(25,'Ryland','Morse',1395,3,228,'2010-01-04 00:00:00',NULL,267042),(26,'Badder','Zebulen',1396,3,158,'2014-05-09 00:00:00',NULL,110442),(27,'Forsyde','Luther',1397,1,59,'2011-09-06 00:00:00',NULL,6146),(28,'Hedden','Lefty',1398,3,144,'2018-07-23 00:00:00',NULL,165008),(29,'McMychem','Perry',1399,1,43,'2018-03-09 00:00:00',NULL,21830),(30,'Drysdale','Carlee',1400,1,127,'2015-09-08 00:00:00',NULL,225127),(31,'Clitsome','Midge',1401,3,264,'2015-11-27 00:00:00',NULL,151172),(32,'Lorain','Asa',1402,1,234,'2010-09-22 00:00:00',NULL,53919),(33,'Clohessy','Kessiah',1403,2,120,'2017-03-22 00:00:00',NULL,112150),(34,'Glazzard','Linnie',1404,3,100,'2008-12-26 00:00:00',NULL,121958),(35,'Castanone','Janis',1405,1,191,'2015-06-24 00:00:00',NULL,169137),(36,'Swynley','Ermengarde',1406,1,250,'2017-01-02 00:00:00',NULL,69561),(37,'McTrustey','Gunther',1407,1,278,'2012-03-05 00:00:00',NULL,94145),(38,'Hagard','Aleksandr',1408,1,103,'2009-11-16 00:00:00',NULL,236344),(39,'Durran','Charlean',1409,1,50,'2015-01-23 00:00:00',NULL,252985),(40,'Frarey','Lisbeth',1410,1,50,'2014-05-17 00:00:00',NULL,275219),(41,'Garr','Nada',1411,1,263,'2012-03-11 00:00:00',NULL,192626),(42,'Mayston','Maegan',1412,2,246,'2015-09-20 00:00:00',NULL,6578),(43,'Reay','Vickie',1413,3,232,'2011-11-21 00:00:00',NULL,140797),(44,'Ridgeway','Aprilette',1414,2,264,'2016-01-24 00:00:00',NULL,275628),(45,'Speer','Arden',1415,1,131,'2011-12-03 00:00:00',NULL,250499),(46,'Caveney','Lee',1416,3,241,'2015-02-13 00:00:00',NULL,39531),(47,'Fippe','Edy',1417,3,52,'2013-11-24 00:00:00',NULL,177286),(48,'Fareweather','Alisun',1418,1,190,'2015-03-08 00:00:00',NULL,47251),(49,'Gwynne','Henrik',1419,3,40,'2009-07-16 00:00:00',NULL,220023),(50,'Pavy','Emile',1420,1,130,'2012-06-22 00:00:00',NULL,11277),(51,'Varley','Willi',1421,3,109,'2018-04-13 00:00:00',NULL,299564),(52,'Savidge','Lissie',1422,2,129,'2014-08-13 00:00:00',NULL,130609),(53,'Copyn','Antonino',1423,2,169,'2010-07-30 00:00:00',NULL,140004),(54,'Thistleton','Algernon',1424,2,59,'2011-11-25 00:00:00',NULL,110287),(55,'De Gouy','Ludvig',1425,1,93,'2011-08-09 00:00:00',NULL,231267),(56,'McCrystal','Dorey',1426,3,284,'2016-07-01 00:00:00',NULL,96022),(57,'Ruzicka','Chiquita',1427,1,84,'2012-05-13 00:00:00',NULL,56874),(58,'Asaaf','Lelah',1428,3,182,'2010-07-26 00:00:00',NULL,86817),(59,'Bourthoumieux','Danielle',1429,2,209,'2009-09-11 00:00:00',NULL,161395),(60,'Rayer','Tripp',1430,2,234,'2013-03-18 00:00:00',NULL,50011),(61,'Tetley','Byram',1431,2,211,'2010-10-27 00:00:00',NULL,108967),(62,'Chung','Jayme',1432,2,90,'2013-12-01 00:00:00',NULL,208730),(63,'Spurdens','Leif',1433,2,300,'2010-06-16 00:00:00',NULL,139504),(64,'Larkworthy','Brigham',1434,1,269,'2015-09-23 00:00:00',NULL,136869),(65,'Windle','Daveen',1435,2,197,'2011-05-27 00:00:00',NULL,82955),(66,'Ivashin','Mortie',1436,3,52,'2012-06-23 00:00:00',NULL,152280),(67,'Trunkfield','Xymenes',1437,3,130,'2012-12-14 00:00:00',NULL,169113),(68,'Buick','Neile',1438,1,269,'2010-05-19 00:00:00',NULL,298725),(69,'Kubas','Starlin',1439,2,58,'2017-10-03 00:00:00',NULL,165246),(70,'Pea','Donaugh',1440,2,273,'2017-11-30 00:00:00',NULL,91263),(71,'Baggelley','Rosco',1441,3,214,'2016-04-05 00:00:00',NULL,59756),(72,'Fanton','Viva',1442,2,47,'2011-10-27 00:00:00',NULL,68817),(73,'Lindermann','Grete',1443,1,86,'2018-06-25 00:00:00',NULL,258859),(74,'Copsey','Dina',1444,1,87,'2015-09-08 00:00:00',NULL,182078),(75,'Silversmidt','Gerik',1445,1,218,'2014-04-22 00:00:00',NULL,132829),(76,'Roubottom','Lorette',1446,2,221,'2010-03-10 00:00:00',NULL,131245),(77,'Gerok','Abey',1447,3,210,'2016-12-13 00:00:00',NULL,54867),(78,'Peyntue','Lissi',1448,2,105,'2009-04-22 00:00:00',NULL,255519),(79,'Josefson','Roselin',1449,2,272,'2017-06-27 00:00:00',NULL,97345),(80,'Whitters','Gratia',1450,2,135,'2015-01-03 00:00:00',NULL,293614),(81,'MacCard','Inesita',1451,3,142,'2011-08-31 00:00:00',NULL,194546),(82,'Mollatt','Astrix',1452,1,132,'2010-10-25 00:00:00',NULL,212817),(83,'Capron','Chev',1453,2,218,'2018-07-30 00:00:00',NULL,119169),(84,'Abbatucci','Ulla',1454,3,106,'2013-05-09 00:00:00',NULL,93903),(85,'Stivens','Roana',1455,3,95,'2014-08-20 00:00:00',NULL,183194),(86,'Danielot','Jenilee',1456,1,183,'2015-04-14 00:00:00',NULL,93246),(87,'Rodgerson','Randa',1457,2,276,'2010-03-16 00:00:00',NULL,158908),(88,'Rhoades','Kara',1458,1,42,'2011-10-14 00:00:00',NULL,133258),(89,'McCheyne','Sena',1459,2,91,'2010-09-19 00:00:00',NULL,109199),(90,'Showte','Christen',1460,2,161,'2013-01-05 00:00:00',NULL,72669),(91,'Reeve','Alvis',1461,3,186,'2014-11-18 00:00:00',NULL,235965),(92,'Deetlefs','Jonathan',1462,1,237,'2016-01-28 00:00:00',NULL,294167),(93,'Druhan','Karlee',1463,1,257,'2013-12-05 00:00:00',NULL,220888),(94,'Leinster','Kimbell',1464,3,107,'2015-05-13 00:00:00',NULL,291606),(95,'Withrington','Carmelita',1465,3,53,'2014-07-17 00:00:00',NULL,231290),(96,'Purnell','Elga',1466,1,107,'2013-06-24 00:00:00',NULL,125131),(97,'Mellodey','Peyton',1467,1,155,'2017-03-03 00:00:00',NULL,49335),(98,'Joel','Dayna',1468,3,137,'2011-06-24 00:00:00',NULL,255591),(99,'Bauldry','Johannah',1469,1,181,'2010-02-13 00:00:00',NULL,78627),(100,'Blancowe','Rorie',1470,3,66,'2015-06-04 00:00:00',NULL,126572),(101,'Ricoald','Leonidas',1471,1,279,'2015-08-31 00:00:00',NULL,18226),(102,'Bangle','Demetra',1472,3,48,'2009-08-21 00:00:00',NULL,222208),(103,'Hofton','Ailene',1473,1,161,'2017-03-11 00:00:00',NULL,26581),(104,'Dacombe','Ryley',1474,1,73,'2009-08-07 00:00:00',NULL,39555),(105,'Cavalier','Jdavie',1475,3,198,'2015-08-27 00:00:00',NULL,168331),(106,'Gillcrist','Wileen',1476,1,55,'2009-03-04 00:00:00',NULL,22815),(107,'Souster','Dur',1477,1,223,'2013-04-15 00:00:00',NULL,119132),(108,'McCartan','Killy',1478,2,258,'2012-10-06 00:00:00',NULL,87487),(109,'Leeburn','Auguste',1479,2,273,'2015-11-15 00:00:00',NULL,222179),(110,'Kunat','Celestia',1480,1,207,'2013-06-27 00:00:00',NULL,120913),(111,'Lill','Ivy',1481,2,145,'2012-09-09 00:00:00',NULL,276876),(112,'Ruller','Sadella',1482,1,190,'2014-12-29 00:00:00',NULL,56787),(113,'Durdan','Sabina',1483,3,124,'2014-01-30 00:00:00',NULL,146396),(114,'Fenix','Archaimbaud',1484,2,269,'2014-06-16 00:00:00',NULL,20648),(115,'Offer','Genni',1485,2,197,'2017-10-04 00:00:00',NULL,261234),(116,'Lorent','Corabel',1486,1,157,'2016-02-01 00:00:00',NULL,242553),(117,'Doughtery','Patin',1487,3,127,'2013-08-07 00:00:00',NULL,7346),(118,'Roskam','Patty',1488,2,151,'2017-07-02 00:00:00',NULL,156462),(119,'Micheau','Britteny',1489,2,251,'2010-07-28 00:00:00',NULL,87256),(120,'Kyndred','Francesca',1490,3,209,'2017-02-10 00:00:00',NULL,181692),(121,'Dicks','Ody',1491,2,135,'2012-05-20 00:00:00',NULL,145961),(122,'Exposito','Janina',1492,2,84,'2012-09-04 00:00:00',NULL,167097),(123,'Wickliffe','Ash',1493,3,158,'2010-12-11 00:00:00',NULL,290096),(124,'Doull','Marchelle',1494,1,70,'2018-02-11 00:00:00',NULL,38853),(125,'Spittles','Cointon',1495,3,127,'2017-10-05 00:00:00',NULL,18769),(126,'Ronaghan','Fleur',1496,2,122,'2014-03-18 00:00:00',NULL,74008),(127,'Pagden','Deedee',1497,3,175,'2018-03-21 00:00:00',NULL,65533),(128,'Ghilardi','Esme',1498,3,276,'2010-12-27 00:00:00',NULL,70739),(129,'Dunsmuir','Roxana',1499,2,85,'2017-04-18 00:00:00',NULL,81118),(130,'MacCallion','Lorenzo',1500,3,223,'2011-07-13 00:00:00',NULL,193490),(131,'Kibbe','Harbert',1501,1,182,'2017-11-01 00:00:00',NULL,261198),(132,'Baggaley','Frasco',1502,2,57,'2014-03-29 00:00:00',NULL,230049),(133,'Newsham','Melicent',1503,2,65,'2010-12-21 00:00:00',NULL,76939),(134,'Dumpleton','Sharla',1504,2,282,'2016-01-31 00:00:00',NULL,299306),(135,'Aucott','Jimmie',1505,1,284,'2015-09-08 00:00:00',NULL,159898),(136,'Hatfield','Geoffry',1506,1,294,'2018-09-27 00:00:00',NULL,78399),(137,'Sawyer','Chickie',1507,3,267,'2015-03-08 00:00:00',NULL,249248),(138,'Rihanek','Rori',1508,1,202,'2017-04-13 00:00:00',NULL,184360),(139,'Coombes','Damien',1509,2,146,'2010-06-19 00:00:00',NULL,178697),(140,'Cutcliffe','Kissee',1510,2,116,'2018-03-06 00:00:00',NULL,200467),(141,'Bagby','Car',1511,3,123,'2017-03-15 00:00:00',NULL,203112),(142,'Aucoate','Sabrina',1512,3,194,'2013-12-01 00:00:00',NULL,96240),(143,'Doldon','Delly',1513,1,288,'2010-01-04 00:00:00',NULL,78837),(144,'Verheijden','Caleb',1514,3,230,'2015-04-24 00:00:00',NULL,212867),(145,'Hacking','Jackqueline',1515,1,263,'2012-06-24 00:00:00',NULL,64924),(146,'McPike','Celine',1516,3,124,'2015-11-23 00:00:00',NULL,110323),(147,'Blaine','Webster',1517,1,188,'2013-12-03 00:00:00',NULL,8754),(148,'Emney','Rodolfo',1518,3,125,'2011-01-31 00:00:00',NULL,10795),(149,'Castiblanco','Teena',1519,1,250,'2014-02-03 00:00:00',NULL,96498),(150,'Allot','Dolf',1520,2,197,'2012-08-25 00:00:00',NULL,174231),(151,'Gason','Jacques',1521,1,254,'2010-05-10 00:00:00',NULL,242457),(152,'Haggus','Janet',1522,3,48,'2014-12-06 00:00:00',NULL,264377),(153,'Peddie','Stanleigh',1523,3,217,'2015-12-15 00:00:00',NULL,282491),(154,'Leteurtre','Jerald',1524,1,247,'2011-04-19 00:00:00',NULL,48430),(155,'Halson','Katherine',1525,3,224,'2009-08-13 00:00:00',NULL,252423),(156,'Arndt','Ryan',1526,3,58,'2017-12-20 00:00:00',NULL,252203),(157,'Chimes','Lazare',1527,1,53,'2009-11-23 00:00:00',NULL,162036),(158,'Gallaccio','Ned',1528,3,286,'2014-08-17 00:00:00',NULL,246088),(159,'Dew','Tiffy',1529,3,113,'2016-06-27 00:00:00',NULL,46077),(160,'St Louis','Robinetta',1530,2,232,'2012-03-07 00:00:00',NULL,253431),(161,'Hilbourne','Vite',1531,3,66,'2011-07-17 00:00:00',NULL,144356),(162,'Wonter','Noni',1532,3,198,'2010-06-15 00:00:00',NULL,240613),(163,'Featherstone','Chancey',1533,2,72,'2011-08-30 00:00:00',NULL,52897),(164,'Mouland','Kimberli',1534,3,120,'2018-02-09 00:00:00',NULL,93852),(165,'Hallgarth','Vasili',1535,2,270,'2010-06-03 00:00:00',NULL,252437),(166,'Reeks','Chaddy',1536,2,280,'2010-01-07 00:00:00',NULL,57678),(167,'Mathwen','Erna',1537,3,97,'2009-03-18 00:00:00',NULL,277367),(168,'Ioselevich','Lorraine',1538,2,166,'2013-06-23 00:00:00',NULL,140342),(169,'Vlasin','Travus',1539,1,88,'2018-01-14 00:00:00',NULL,214196),(170,'Blouet','Myles',1540,2,254,'2013-01-18 00:00:00',NULL,11109),(171,'Oxteby','Kyla',1541,3,131,'2009-01-31 00:00:00',NULL,140838),(172,'Trayhorn','Earl',1542,2,134,'2015-12-14 00:00:00',NULL,199234),(173,'Farmiloe','Coleman',1543,3,263,'2012-09-20 00:00:00',NULL,267341),(174,'Coggles','Lisabeth',1544,3,143,'2011-11-19 00:00:00',NULL,120550),(175,'Este','Leland',1545,2,58,'2011-12-18 00:00:00',NULL,76855),(176,'Gendrich','Joella',1546,1,113,'2016-09-21 00:00:00',NULL,251640),(177,'Grabert','Amalee',1547,1,100,'2018-11-08 00:00:00',NULL,161906),(178,'Hicklingbottom','Ira',1548,3,151,'2016-06-24 00:00:00',NULL,242434),(179,'Obray','Cinnamon',1549,2,66,'2015-03-27 00:00:00',NULL,130165),(180,'Caley','Wildon',1550,2,186,'2017-12-28 00:00:00',NULL,276440),(181,'Dobrovolny','Virgil',1551,3,134,'2009-07-04 00:00:00',NULL,230458),(182,'Ianetti','Denni',1552,1,59,'2016-04-21 00:00:00',NULL,265586),(183,'Whoolehan','Rhiamon',1553,3,167,'2016-12-03 00:00:00',NULL,144390),(184,'Mapstone','Raleigh',1554,3,88,'2015-12-15 00:00:00',NULL,284430),(185,'Askwith','Law',1555,3,303,'2016-08-09 00:00:00',NULL,20501),(186,'Lambourne','Rey',1556,1,273,'2014-06-24 00:00:00',NULL,268532),(187,'Blayd','Barbabas',1557,1,230,'2011-01-09 00:00:00',NULL,96921),(188,'Colliver','Milly',1558,2,103,'2015-06-23 00:00:00',NULL,249203),(189,'Palfreeman','Nicolea',1559,1,276,'2012-04-12 00:00:00',NULL,188655),(190,'Michieli','Davidde',1560,1,166,'2009-02-21 00:00:00',NULL,65371),(191,'Mathy','Eolanda',1561,3,249,'2012-07-25 00:00:00',NULL,124040),(192,'Simpson','Prentice',1562,2,257,'2014-10-07 00:00:00',NULL,152895),(193,'Pail','Elihu',1563,3,147,'2009-03-28 00:00:00',NULL,287298),(194,'Glazyer','Cayla',1564,3,190,'2015-09-17 00:00:00',NULL,144779),(195,'Flescher','Dinnie',1565,3,226,'2018-06-06 00:00:00',NULL,273087),(196,'McGreay','Rolph',1566,3,266,'2017-09-20 00:00:00',NULL,135081),(197,'Piel','Susana',1567,2,200,'2018-02-12 00:00:00',NULL,76185),(198,'Madgin','Calley',1568,3,232,'2013-02-23 00:00:00',NULL,104975),(199,'Gagie','Brice',1569,2,147,'2009-10-12 00:00:00',NULL,258183),(200,'Rantoul','Kellen',1570,3,254,'2012-01-02 00:00:00',NULL,184973),(201,'Fideler','Jenn',1571,3,279,'2009-06-05 00:00:00',NULL,1922),(202,'Roswarne','Gayle',1572,2,283,'2015-01-16 00:00:00',NULL,51681),(203,'Zarb','Dorolisa',1573,3,50,'2012-09-25 00:00:00',NULL,45254),(204,'Garratt','Bail',1574,1,280,'2017-10-05 00:00:00',NULL,97249),(205,'Stang-Gjertsen','Tommie',1575,1,66,'2011-10-19 00:00:00',NULL,156179),(206,'Kuna','Sofie',1576,1,273,'2016-01-30 00:00:00',NULL,11884),(207,'Vondruska','Vail',1577,3,240,'2011-10-20 00:00:00',NULL,195958),(208,'Muggleston','Harry',1578,2,248,'2016-05-31 00:00:00',NULL,299789),(209,'De Bruin','Kennan',1579,3,257,'2010-04-19 00:00:00',NULL,169876),(210,'Kimmerling','Laurene',1580,2,193,'2018-07-08 00:00:00',NULL,128119),(211,'Gumary','Jamal',1581,3,213,'2018-04-27 00:00:00',NULL,85072),(212,'Mc Ilwrick','Phedra',1582,3,212,'2011-06-01 00:00:00',NULL,124855),(213,'Pletts','Tades',1583,2,170,'2011-06-12 00:00:00',NULL,209882),(214,'Caff','Oneida',1584,1,131,'2012-03-13 00:00:00',NULL,189427),(215,'Capoun','Stevy',1585,1,172,'2011-08-11 00:00:00',NULL,225314),(216,'Whybray','Gussi',1586,1,61,'2013-08-15 00:00:00',NULL,180586),(217,'McMarquis','Charmane',1587,1,196,'2018-01-04 00:00:00',NULL,178945),(218,'Belchamp','Dannie',1588,1,50,'2012-06-15 00:00:00',NULL,39552),(219,'Hynam','Joel',1589,3,80,'2009-04-09 00:00:00',NULL,18032),(220,'Guilleton','Woodman',1590,3,274,'2013-03-29 00:00:00',NULL,39959),(221,'Hacard','Lucky',1591,2,185,'2015-07-24 00:00:00',NULL,38421),(222,'Mullen','Norris',1592,3,150,'2018-09-04 00:00:00',NULL,287660),(223,'Bramsom','Milissent',1593,3,245,'2017-07-08 00:00:00',NULL,264761),(224,'Pretor','Haslett',1594,2,144,'2013-11-14 00:00:00',NULL,235592),(225,'Rayson','Chaim',1595,3,127,'2012-08-24 00:00:00',NULL,53257),(226,'Heam','Nertie',1596,3,49,'2016-06-15 00:00:00',NULL,62745),(227,'Scotson','Xerxes',1597,2,175,'2012-08-09 00:00:00',NULL,135038),(228,'Petrichat','Layney',1598,1,267,'2015-10-12 00:00:00',NULL,211806),(229,'Raynor','Cordula',1599,2,154,'2016-01-11 00:00:00',NULL,234111),(230,'Bumpus','Lexie',1600,3,184,'2018-01-28 00:00:00',NULL,248078),(231,'Vian','Anitra',1601,1,144,'2013-09-18 00:00:00',NULL,80179),(232,'Beedom','Liv',1602,3,238,'2015-02-18 00:00:00',NULL,151160),(233,'Dunmuir','Gaynor',1603,1,262,'2012-01-02 00:00:00',NULL,61304),(234,'Parton','Dagmar',1604,1,103,'2011-03-05 00:00:00',NULL,121676),(235,'Bruyett','Adrienne',1605,3,189,'2018-08-28 00:00:00',NULL,96005),(236,'Springle','Derril',1606,1,168,'2015-09-14 00:00:00',NULL,237814),(237,'Lampen','Evelin',1607,3,237,'2015-05-20 00:00:00',NULL,111825),(238,'Leatt','Benedicta',1608,3,261,'2014-05-14 00:00:00',NULL,291415),(239,'Welford','Lucretia',1609,2,267,'2016-02-06 00:00:00',NULL,154277),(240,'Manvell','Nita',1610,1,233,'2010-10-24 00:00:00',NULL,85989),(241,'Moreman','Baron',1611,3,48,'2016-08-15 00:00:00',NULL,279796),(242,'Brik','Teresita',1612,2,211,'2011-11-29 00:00:00',NULL,146553),(243,'Strelitzer','Conroy',1613,3,289,'2016-08-05 00:00:00',NULL,214589),(244,'Vass','Clareta',1614,2,196,'2012-09-11 00:00:00',NULL,254876),(245,'Reynalds','Midge',1615,2,298,'2011-07-08 00:00:00',NULL,51891),(246,'Landells','Vinny',1616,1,196,'2009-04-08 00:00:00',NULL,277847),(247,'Coorington','Rob',1617,3,72,'2013-10-29 00:00:00',NULL,109798),(248,'Britian','Meaghan',1618,2,179,'2013-11-03 00:00:00',NULL,275874),(249,'Edmed','Deva',1619,3,244,'2016-09-22 00:00:00',NULL,86286),(250,'Buckleigh','Layton',1620,1,182,'2015-02-21 00:00:00',NULL,12785),(251,'Crosen','Brittany',1621,2,84,'2017-07-21 00:00:00',NULL,262368),(252,'Priden','Maitilde',1622,3,166,'2010-07-21 00:00:00',NULL,215359),(253,'Dawtre','Robinia',1623,2,181,'2014-02-18 00:00:00',NULL,101569),(254,'Dolan','Tim',1624,1,53,'2009-01-22 00:00:00',NULL,272333),(255,'Bonnick','Rudyard',1625,1,264,'2016-11-28 00:00:00',NULL,208527),(256,'Nannetti','Ramsay',1626,2,98,'2011-05-15 00:00:00',NULL,36099),(257,'Wormald','Charyl',1627,3,302,'2014-10-22 00:00:00',NULL,82985),(258,'Krzyzaniak','Marv',1628,1,169,'2012-02-20 00:00:00',NULL,109444),(259,'Borgars','Ches',1629,2,296,'2018-10-30 00:00:00',NULL,204606),(260,'Fillgate','Arlinda',1630,3,152,'2013-03-08 00:00:00',NULL,198798),(261,'Mattke','Susannah',1631,1,81,'2013-06-11 00:00:00',NULL,20460),(262,'Lindenstrauss','Ardis',1632,1,162,'2015-04-25 00:00:00',NULL,162841),(263,'Fosserd','Trude',1633,2,54,'2013-05-09 00:00:00',NULL,265892),(264,'Pinnere','Way',1634,2,128,'2013-11-23 00:00:00',NULL,232157),(265,'Lyngsted','Gunar',1635,3,233,'2014-04-18 00:00:00',NULL,27568),(266,'Bethell','Annis',1636,2,130,'2011-11-27 00:00:00',NULL,239934),(267,'Whistance','Stafford',1637,2,47,'2013-08-08 00:00:00',NULL,169073),(268,'Domel','Ab',1638,2,278,'2010-10-02 00:00:00',NULL,190261),(269,'Gipp','Lynea',1639,2,213,'2016-06-03 00:00:00',NULL,157797),(270,'Bartlet','Andre',1640,3,218,'2013-11-28 00:00:00',NULL,270527),(271,'Willavoys','Siouxie',1641,3,152,'2011-02-01 00:00:00',NULL,84511),(272,'Blacket','Nissie',1642,2,180,'2017-07-07 00:00:00',NULL,10971),(273,'Fasey','Livy',1643,2,205,'2013-07-25 00:00:00',NULL,119971),(274,'Kellegher','Birdie',1644,1,161,'2010-08-24 00:00:00',NULL,207214),(275,'Veld','Sammy',1645,2,236,'2016-04-06 00:00:00',NULL,8809),(276,'Silmon','Janina',1646,1,186,'2013-07-07 00:00:00',NULL,114226),(277,'Hannaford','Jase',1647,1,54,'2009-03-30 00:00:00',NULL,44574),(278,'Vurley','Charlotte',1648,2,235,'2010-03-15 00:00:00',NULL,7401),(279,'Lapley','Odelia',1649,3,57,'2017-01-05 00:00:00',NULL,102798),(280,'Middell','Marji',1650,1,237,'2010-09-18 00:00:00',NULL,68862),(281,'Clemintoni','Rafael',1651,3,138,'2009-04-07 00:00:00',NULL,39436),(282,'Garley','Tedi',1652,1,299,'2009-01-24 00:00:00',NULL,266274),(283,'Pinner','Gayla',1653,2,218,'2010-10-13 00:00:00',NULL,200551),(284,'Woodison','Husain',1654,2,182,'2017-12-06 00:00:00',NULL,66482),(285,'Hirche','Vivie',1655,1,135,'2018-10-25 00:00:00',NULL,138344),(286,'Jedraszek','Freddy',1656,3,148,'2012-12-15 00:00:00',NULL,234320),(287,'Eldridge','Starla',1657,1,94,'2018-04-05 00:00:00',NULL,31395),(288,'Piscopiello','Darby',1658,3,149,'2017-09-25 00:00:00',NULL,170002),(289,'Misk','Ruthie',1659,3,103,'2009-08-24 00:00:00',NULL,262092),(290,'Guiden','Reece',1660,1,254,'2009-10-11 00:00:00',NULL,147017),(291,'Gulley','Andee',1661,2,274,'2015-09-22 00:00:00',NULL,131825),(292,'Pendle','Misty',1662,3,164,'2012-10-11 00:00:00',NULL,68783),(293,'Hagwood','Kassandra',1663,3,176,'2017-10-04 00:00:00',NULL,192319),(294,'Wrotchford','Caryl',1664,3,128,'2009-12-19 00:00:00',NULL,97544),(295,'Brecknall','Jan',1665,1,59,'2009-05-06 00:00:00',NULL,237801),(296,'MacPherson','Fred',1666,1,203,'2018-06-26 00:00:00',NULL,132480),(297,'Eighteen','Mort',1667,3,159,'2011-09-01 00:00:00',NULL,277896),(298,'Thomas','Sergeant',1668,3,296,'2011-01-17 00:00:00',NULL,184462),(299,'Ramshaw','Kamila',1669,2,96,'2010-05-19 00:00:00',NULL,268020),(300,'Marquis','Dulci',1670,3,95,'2017-05-21 00:00:00',NULL,31682),(301,'Canario','Livvie',1671,1,67,'2012-03-10 00:00:00',NULL,130908),(302,'Faley','Bay',1672,3,267,'2011-07-27 00:00:00',NULL,2208),(303,'Arrol','Tye',1673,3,55,'2014-12-18 00:00:00',NULL,46954),(304,'Kempson','Ichabod',1674,1,228,'2017-09-06 00:00:00',NULL,126170),(305,'Caldow','Biddie',1675,3,143,'2014-03-21 00:00:00',NULL,27738),(306,'Du Plantier','Joye',1676,3,185,'2017-11-06 00:00:00',NULL,143462),(307,'McMurray','Norma',1677,3,121,'2012-11-05 00:00:00',NULL,29858),(308,'Halfacre','Lara',1678,1,272,'2014-06-26 00:00:00',NULL,84889),(309,'Easun','Anni',1679,3,180,'2015-01-26 00:00:00',NULL,212358),(310,'Lots','Dani',1680,2,102,'2017-10-09 00:00:00',NULL,95447),(311,'Van\'t Hoff','Bax',1681,1,236,'2013-02-20 00:00:00',NULL,51177),(312,'Cogdell','Carver',1682,2,284,'2017-06-07 00:00:00',NULL,229058),(313,'Dwight','Helaina',1683,1,122,'2011-11-20 00:00:00',NULL,33504),(314,'Amner','Steffane',1684,2,133,'2016-02-05 00:00:00',NULL,232009),(315,'Graalman','Thornton',1685,2,66,'2014-04-05 00:00:00',NULL,239132),(316,'Rantoul','Holly',1686,2,113,'2012-03-06 00:00:00',NULL,168697),(317,'Rentalll','Daloris',1687,1,93,'2010-07-12 00:00:00',NULL,236482),(318,'McAlpine','Selie',1688,3,183,'2009-07-10 00:00:00',NULL,152428),(319,'Riccetti','Kane',1689,3,215,'2014-10-30 00:00:00',NULL,126912),(320,'Pensom','Janine',1690,3,125,'2018-01-21 00:00:00',NULL,218303),(321,'McMillam','Justine',1691,1,247,'2012-04-15 00:00:00',NULL,241648),(322,'Simonson','Martino',1692,2,43,'2013-03-19 00:00:00',NULL,127288),(323,'Bradie','Margot',1693,3,157,'2010-04-13 00:00:00',NULL,229463),(324,'Pietrusiak','Osmond',1694,2,269,'2012-08-19 00:00:00',NULL,250578),(325,'Dowty','Petr',1695,3,168,'2017-04-11 00:00:00',NULL,292241),(326,'Plows','Gery',1696,1,173,'2010-05-11 00:00:00',NULL,212488),(327,'Pelos','Eliza',1697,2,99,'2009-02-25 00:00:00',NULL,216898),(328,'Tees','Gustavus',1698,3,206,'2018-11-18 00:00:00',NULL,88090),(329,'Mallinder','Pamella',1699,3,289,'2010-11-02 00:00:00',NULL,4142),(330,'Lergan','Corrine',1700,3,71,'2010-08-29 00:00:00',NULL,166034),(331,'Gimenez','Pyotr',1701,2,106,'2015-09-05 00:00:00',NULL,75727),(332,'Gebhardt','Tansy',1702,1,40,'2018-01-11 00:00:00',NULL,77822),(333,'Fidoe','Dennie',1703,1,98,'2009-02-08 00:00:00',NULL,232858),(334,'Brecon','Fabiano',1704,3,149,'2009-03-24 00:00:00',NULL,117125),(335,'Scriven','Roxane',1705,2,212,'2018-03-13 00:00:00',NULL,135300),(336,'Elgar','Lonnie',1706,1,279,'2016-12-24 00:00:00',NULL,201237),(337,'Jeggo','Janessa',1707,1,103,'2013-01-23 00:00:00',NULL,126454),(338,'Bullimore','Alida',1708,1,170,'2010-04-26 00:00:00',NULL,159706),(339,'Mougenel','Justin',1709,1,251,'2017-12-12 00:00:00',NULL,122834),(340,'Fealey','Jarid',1710,1,271,'2011-03-18 00:00:00',NULL,109781),(341,'Trembey','Prudence',1711,2,81,'2016-06-14 00:00:00',NULL,7246),(342,'Di Boldi','Bourke',1712,1,149,'2012-04-15 00:00:00',NULL,295487),(343,'Lilburne','Almeria',1713,1,74,'2014-01-27 00:00:00',NULL,126411),(344,'Bradie','Gaelan',1714,2,161,'2017-02-12 00:00:00',NULL,62534),(345,'Daykin','Jacqui',1715,3,69,'2012-04-12 00:00:00',NULL,150979),(346,'Getcliff','Alva',1716,2,177,'2017-07-18 00:00:00',NULL,244755),(347,'Gritsaev','Ricardo',1717,2,58,'2012-07-16 00:00:00',NULL,175100),(348,'Pifford','Kary',1718,3,138,'2012-08-15 00:00:00',NULL,100972),(349,'Burchill','Clive',1719,2,128,'2010-08-13 00:00:00',NULL,91866),(350,'Bratchell','Caralie',1720,1,113,'2016-10-20 00:00:00',NULL,47156),(351,'de Verson','Marney',1721,1,193,'2009-03-26 00:00:00',NULL,230566),(352,'Andreutti','Boyd',1722,1,194,'2012-08-22 00:00:00',NULL,35622),(353,'Attow','Aldis',1723,3,143,'2011-01-18 00:00:00',NULL,161780),(354,'Godlee','Christoper',1724,1,190,'2012-05-25 00:00:00',NULL,203948),(355,'Smieton','Pall',1725,2,275,'2018-07-28 00:00:00',NULL,254218),(356,'Avesque','Junia',1726,1,241,'2010-03-28 00:00:00',NULL,285233),(357,'Thewless','Teodoro',1727,2,152,'2013-12-16 00:00:00',NULL,254206),(358,'Borrows','Aloysius',1728,2,96,'2012-09-20 00:00:00',NULL,77600),(359,'Jewes','Igor',1729,2,65,'2013-07-23 00:00:00',NULL,286156),(360,'McMinn','Payton',1730,1,194,'2016-05-24 00:00:00',NULL,217337),(361,'Ellul','Lisetta',1731,3,232,'2014-03-13 00:00:00',NULL,91409),(362,'Bourdas','Marie',1732,2,166,'2015-10-04 00:00:00',NULL,177954),(363,'Talkington','Eduard',1733,1,249,'2016-09-11 00:00:00',NULL,31593),(364,'Mabbett','Wally',1734,2,178,'2013-06-17 00:00:00',NULL,145868),(365,'Blaxter','Mellicent',1735,3,65,'2012-06-22 00:00:00',NULL,19829),(366,'Ledingham','Pamelina',1736,2,235,'2018-07-30 00:00:00',NULL,2775),(367,'Biernacki','Waneta',1737,3,166,'2012-06-01 00:00:00',NULL,293538),(368,'Hinckesman','Levi',1738,3,141,'2013-08-23 00:00:00',NULL,221857),(369,'Tash','Boony',1739,1,46,'2015-03-15 00:00:00',NULL,247742),(370,'Vanini','Kira',1740,2,122,'2012-06-21 00:00:00',NULL,19694),(371,'Tathacott','Rosmunda',1741,3,133,'2015-07-15 00:00:00',NULL,25159),(372,'Godon','Susana',1742,2,226,'2010-07-12 00:00:00',NULL,202524),(373,'Rigg','Sharleen',1743,1,181,'2010-04-23 00:00:00',NULL,211482),(374,'Drissell','Glynis',1744,1,291,'2016-04-18 00:00:00',NULL,212019),(375,'Winmill','Carolynn',1745,1,207,'2010-06-22 00:00:00',NULL,145726),(376,'Waldrum','Gladi',1746,2,72,'2016-11-19 00:00:00',NULL,33540),(377,'Bickerton','Donn',1747,2,303,'2015-06-10 00:00:00',NULL,276836),(378,'Capoun','Basilius',1748,3,239,'2010-07-30 00:00:00',NULL,294648),(379,'Iacobassi','Sonni',1749,2,184,'2010-10-18 00:00:00',NULL,106261),(380,'Filippyev','Franni',1750,1,283,'2017-10-26 00:00:00',NULL,17786),(381,'Pitkeathly','Tades',1751,3,106,'2018-03-07 00:00:00',NULL,10845),(382,'Ceeley','Patrizia',1752,3,215,'2012-12-25 00:00:00',NULL,47582),(383,'Clubley','Saundra',1753,1,166,'2013-01-21 00:00:00',NULL,293228),(384,'MacKnight','Wilie',1754,2,208,'2014-09-21 00:00:00',NULL,134655),(385,'Hayward','Aloysius',1755,2,118,'2012-11-06 00:00:00',NULL,194270),(386,'Giacobo','Ashien',1756,2,150,'2015-04-21 00:00:00',NULL,40334),(387,'Evans','Karol',1757,1,102,'2015-12-02 00:00:00',NULL,121055),(388,'Tiron','Dame',1758,1,107,'2011-08-24 00:00:00',NULL,296013),(389,'Leathley','Cory',1759,3,249,'2012-08-18 00:00:00',NULL,16021),(390,'Litel','Billy',1760,1,212,'2011-05-20 00:00:00',NULL,75513),(391,'Gilffillan','Valaria',1761,1,222,'2009-04-10 00:00:00',NULL,37612),(392,'Hallworth','Norbie',1762,1,255,'2013-08-02 00:00:00',NULL,87165),(393,'Bodemeaid','Norrie',1763,2,129,'2009-11-20 00:00:00',NULL,179877),(394,'Germann','Nickie',1764,3,195,'2018-04-24 00:00:00',NULL,229640),(395,'Knapman','Maxim',1765,2,148,'2018-06-10 00:00:00',NULL,215548),(396,'Stoll','Franklin',1766,3,252,'2017-12-09 00:00:00',NULL,233004),(397,'Yorston','Alejandra',1767,3,163,'2011-11-06 00:00:00',NULL,207243),(398,'Vedyasov','Paola',1768,2,285,'2013-06-03 00:00:00',NULL,217726),(399,'Pottle','Maribel',1769,1,120,'2014-01-05 00:00:00',NULL,34290),(400,'Nollet','Dallas',1770,1,301,'2016-04-10 00:00:00',NULL,193646),(401,'Ibeson','Ximenes',1771,3,205,'2011-04-02 00:00:00',NULL,227794),(402,'Holdron','Cameron',1772,2,145,'2016-03-22 00:00:00',NULL,68388),(403,'Lode','Claudia',1773,3,108,'2017-06-17 00:00:00',NULL,220477),(404,'Adamski','Yvette',1774,3,47,'2013-02-07 00:00:00',NULL,152331),(405,'Grangier','Hamnet',1775,2,270,'2011-04-28 00:00:00',NULL,28507),(406,'Elbourn','Carson',1776,3,146,'2012-08-30 00:00:00',NULL,32308),(407,'Smythin','Barry',1777,3,223,'2016-09-02 00:00:00',NULL,94284),(408,'Barradell','Giffie',1778,2,63,'2016-10-29 00:00:00',NULL,261346),(409,'Brookwell','Fidel',1779,3,274,'2012-03-08 00:00:00',NULL,275498),(410,'Britnell','Lothario',1780,2,289,'2010-12-18 00:00:00',NULL,268508),(411,'Jirieck','Marcy',1781,2,191,'2015-02-17 00:00:00',NULL,219087),(412,'Vidgeon','Antonella',1782,2,108,'2013-04-15 00:00:00',NULL,1430),(413,'Templeton','Jo ann',1783,1,196,'2014-11-12 00:00:00',NULL,286760),(414,'Attenbrough','Kip',1784,2,87,'2018-06-08 00:00:00',NULL,176286),(415,'McLugaish','Sofie',1785,2,170,'2016-06-12 00:00:00',NULL,251543),(416,'Mulvy','Gar',1786,2,203,'2012-06-19 00:00:00',NULL,236809),(417,'Bransgrove','Twila',1787,3,185,'2013-11-05 00:00:00',NULL,150643),(418,'Upston','Anette',1788,1,67,'2010-07-31 00:00:00',NULL,49042),(419,'Earpe','Aprilette',1789,2,284,'2016-08-07 00:00:00',NULL,89343),(420,'Quakley','Aubrey',1790,3,165,'2016-10-15 00:00:00',NULL,165015),(421,'Slowly','Arlinda',1791,3,207,'2008-12-30 00:00:00',NULL,142285),(422,'Mephan','Martguerita',1792,3,284,'2015-05-14 00:00:00',NULL,156638),(423,'Williment','Martie',1793,1,267,'2010-07-02 00:00:00',NULL,123485),(424,'Wraith','Kingston',1794,3,166,'2014-10-21 00:00:00',NULL,229561),(425,'Gladbeck','Scarlett',1795,1,175,'2018-02-02 00:00:00',NULL,127203),(426,'Faulds','Cindra',1796,3,193,'2014-10-06 00:00:00',NULL,11056),(427,'Fullwood','Lelah',1797,1,146,'2010-05-29 00:00:00',NULL,239821),(428,'Lammas','Natala',1798,1,247,'2013-07-05 00:00:00',NULL,226953),(429,'Maureen','Merline',1799,2,263,'2011-11-02 00:00:00',NULL,244201),(430,'Broske','Conway',1800,1,217,'2015-01-03 00:00:00',NULL,16900),(431,'Bortolotti','Leroi',1801,2,259,'2016-12-09 00:00:00',NULL,55545),(432,'Richel','Yehudit',1802,1,212,'2018-10-24 00:00:00',NULL,173436),(433,'Postin','Katlin',1803,2,82,'2011-03-02 00:00:00',NULL,229671),(434,'Letertre','Mabel',1804,1,157,'2012-08-22 00:00:00',NULL,10212),(435,'Cushworth','Ricki',1805,2,52,'2016-02-23 00:00:00',NULL,15446),(436,'Mackie','Ethel',1806,2,276,'2016-08-28 00:00:00',NULL,115653),(437,'Brilleman','Alverta',1807,1,299,'2011-12-01 00:00:00',NULL,162792),(438,'Campsall','Ferdie',1808,1,282,'2017-01-07 00:00:00',NULL,219480),(439,'Staniland','Marleen',1809,3,272,'2015-11-09 00:00:00',NULL,94065),(440,'Jeannot','Demetris',1810,3,87,'2018-10-23 00:00:00',NULL,206474),(441,'Willshere','Isidro',1811,2,91,'2018-09-03 00:00:00',NULL,228030),(442,'Dennett','Anatol',1812,1,53,'2013-04-19 00:00:00',NULL,101626),(443,'Darrington','Lynne',1813,3,275,'2014-10-08 00:00:00',NULL,115007),(444,'Fontin','Latrena',1814,3,150,'2009-03-29 00:00:00',NULL,95776),(445,'Jakubovics','Kimble',1815,2,195,'2011-04-08 00:00:00',NULL,18219),(446,'Graalman','Helen',1816,1,214,'2015-08-18 00:00:00',NULL,2875),(447,'Petken','Allianora',1817,3,119,'2010-02-11 00:00:00',NULL,177339),(448,'Wedgbrow','Scottie',1818,1,206,'2011-05-24 00:00:00',NULL,247656),(449,'Abson','Cristen',1819,2,67,'2014-01-08 00:00:00',NULL,256451),(450,'Hessentaler','Germaine',1820,1,65,'2011-04-15 00:00:00',NULL,138469),(451,'Harbron','Gal',1821,1,44,'2009-04-01 00:00:00',NULL,26107),(452,'Berzins','Cullie',1822,1,54,'2010-10-01 00:00:00',NULL,92810),(453,'Mixter','Albertine',1823,3,156,'2014-06-27 00:00:00',NULL,123525),(454,'Butler-Bowdon','Shaun',1824,1,60,'2013-06-10 00:00:00',NULL,160695),(455,'Mostyn','Gordy',1825,2,194,'2015-10-15 00:00:00',NULL,207538),(456,'Rash','Pavel',1826,1,223,'2009-10-29 00:00:00',NULL,230865),(457,'Pelos','Powell',1827,1,210,'2011-06-24 00:00:00',NULL,267124),(458,'Vass','Kean',1828,3,292,'2018-10-17 00:00:00',NULL,39576),(459,'Wrightson','Grange',1829,1,128,'2010-01-16 00:00:00',NULL,173629),(460,'McIlenna','Elianora',1830,3,186,'2009-11-08 00:00:00',NULL,200314),(461,'McAw','Horatio',1831,3,255,'2015-04-22 00:00:00',NULL,125290),(462,'Manifould','Ralina',1832,3,302,'2009-11-06 00:00:00',NULL,191071),(463,'Fandrey','Cherilynn',1833,3,103,'2018-04-02 00:00:00',NULL,8103),(464,'Uff','Packston',1834,1,83,'2014-06-16 00:00:00',NULL,262418),(465,'Sabates','Cointon',1835,1,273,'2009-03-25 00:00:00',NULL,74399),(466,'Provis','Hesther',1836,1,106,'2009-01-14 00:00:00',NULL,99774),(467,'Beldam','Roi',1837,3,185,'2010-03-29 00:00:00',NULL,107864),(468,'MacAdam','Daveen',1838,3,286,'2009-11-17 00:00:00',NULL,248133),(469,'Yitzovitz','Rosetta',1839,1,172,'2010-05-12 00:00:00',NULL,81367),(470,'Daugherty','Fairfax',1840,2,44,'2013-07-16 00:00:00',NULL,24551),(471,'Rush','Lindie',1841,1,196,'2011-05-16 00:00:00',NULL,164918),(472,'Gossington','Ofelia',1842,1,113,'2012-02-23 00:00:00',NULL,55402),(473,'Vaskov','Gusty',1843,3,174,'2016-06-25 00:00:00',NULL,189141),(474,'Bidgod','Tadeo',1844,1,78,'2012-09-30 00:00:00',NULL,56681),(475,'Royal','Georgi',1845,2,94,'2009-08-10 00:00:00',NULL,44492),(476,'Foard','Alisha',1846,3,97,'2009-10-09 00:00:00',NULL,60077),(477,'Gilsthorpe','Melvin',1847,2,299,'2016-01-09 00:00:00',NULL,139258),(478,'Grabb','Marysa',1848,2,170,'2010-01-14 00:00:00',NULL,64598),(479,'Pothbury','Belvia',1849,2,103,'2013-10-24 00:00:00',NULL,112092),(480,'Itskovitz','Jonas',1850,1,79,'2016-01-01 00:00:00',NULL,93613),(481,'Passo','Eleen',1851,2,242,'2013-11-08 00:00:00',NULL,63850),(482,'Waiting','Mechelle',1852,1,121,'2014-12-02 00:00:00',NULL,147390),(483,'Woehler','Marv',1853,2,49,'2014-06-16 00:00:00',NULL,194650),(484,'Gowman','Anderson',1854,2,72,'2011-12-14 00:00:00',NULL,289091),(485,'Ginner','Gunar',1855,1,66,'2016-01-01 00:00:00',NULL,164863),(486,'Biaggioli','Anderea',1856,1,199,'2017-01-18 00:00:00',NULL,123438),(487,'Kemwall','Chery',1857,2,161,'2010-07-10 00:00:00',NULL,36691),(488,'De Witt','Cordie',1858,2,168,'2015-05-23 00:00:00',NULL,187243),(489,'Arson','Bondy',1859,2,75,'2010-07-19 00:00:00',NULL,225949),(490,'Eason','Ara',1860,1,259,'2010-06-26 00:00:00',NULL,143711),(491,'Floyed','Morgen',1861,1,101,'2009-01-21 00:00:00',NULL,194917),(492,'Handaside','Brittni',1862,3,185,'2016-03-17 00:00:00',NULL,114962),(493,'Scarsbrick','Claudie',1863,2,159,'2010-07-10 00:00:00',NULL,66561),(494,'Fairrie','Trev',1864,3,239,'2014-05-14 00:00:00',NULL,140552),(495,'Devigne','Ettie',1865,3,121,'2013-06-25 00:00:00',NULL,108056),(496,'Desesquelle','Blithe',1866,2,144,'2013-09-11 00:00:00',NULL,16889),(497,'Laurenceau','Fletcher',1867,3,220,'2015-01-11 00:00:00',NULL,156082),(498,'Grindall','Asia',1868,1,269,'2010-07-17 00:00:00',NULL,134820),(499,'O\'Connor','Amalee',1869,3,78,'2012-11-06 00:00:00',NULL,278976),(500,'Pendrid','Maris',1870,1,102,'2010-09-07 00:00:00',NULL,155658),(501,'Bygreaves','Vittorio',1870,3,379,'2010-07-15 00:00:00','2014-12-11 00:00:00',0),(502,'Christensen','Salvatore',1871,3,176,'2012-10-13 00:00:00','2009-03-28 00:00:00',0),(503,'Kruger','Hyacintha',1872,3,352,'2012-10-21 00:00:00','2012-11-11 00:00:00',0),(504,'Ulrik','Marti',1873,3,397,'2012-03-05 00:00:00','2008-12-13 00:00:00',0),(505,'Hurlin','Brantley',1874,1,224,'2009-04-16 00:00:00','2006-07-13 00:00:00',0),(506,'Stempe','Koressa',1875,2,60,'2009-07-22 00:00:00','2017-08-24 00:00:00',0),(507,'Huggens','Venus',1876,2,83,'2010-10-13 00:00:00','2013-05-25 00:00:00',0),(508,'Shillingford','Gavan',1877,2,194,'2012-06-06 00:00:00','2005-07-20 00:00:00',0),(509,'Canty','Phylis',1878,2,373,'2009-03-25 00:00:00','2011-05-12 00:00:00',0),(510,'Lomaz','Linell',1879,1,391,'2009-01-29 00:00:00','2008-12-27 00:00:00',0),(511,'Ramstead','Shawn',1880,2,153,'2011-10-17 00:00:00','2015-07-10 00:00:00',0),(512,'Nind','Arron',1881,3,143,'2011-02-03 00:00:00','2012-05-28 00:00:00',0),(513,'Bremmer','Tallulah',1882,1,152,'2011-12-03 00:00:00','2005-06-22 00:00:00',0),(514,'Cheeke','Ralf',1883,3,162,'2009-08-22 00:00:00','2010-08-02 00:00:00',0),(515,'Gumb','Noland',1884,3,353,'2011-05-27 00:00:00','2018-03-28 00:00:00',0),(516,'Trorey','Kasper',1885,3,83,'2009-02-09 00:00:00','2010-10-04 00:00:00',0),(517,'Eglin','Winfred',1886,1,133,'2012-03-26 00:00:00','2007-06-16 00:00:00',0),(518,'Crim','Conan',1887,2,274,'2011-02-25 00:00:00','2007-08-19 00:00:00',0),(519,'Rooney','Sande',1888,3,138,'2011-02-11 00:00:00','2010-05-01 00:00:00',0),(520,'Ironside','Leigh',1889,3,195,'2010-08-30 00:00:00','2011-05-16 00:00:00',0),(521,'Brimblecombe','Tabbitha',1890,1,230,'2013-03-01 00:00:00','2013-06-19 00:00:00',0),(522,'Smithend','Carlen',1891,1,402,'2012-01-24 00:00:00','2006-07-03 00:00:00',0),(523,'Arundel','Northrop',1892,2,132,'2013-10-08 00:00:00','2005-09-16 00:00:00',0),(524,'Duke','Howard',1893,3,325,'2009-06-22 00:00:00','2012-05-10 00:00:00',0),(525,'Saffon','Mariette',1894,1,187,'2008-12-24 00:00:00','2004-09-19 00:00:00',0),(526,'Housiaux','Wilona',1895,1,388,'2011-07-06 00:00:00','2007-09-17 00:00:00',0),(527,'Philpott','Redford',1896,2,78,'2013-11-16 00:00:00','2018-11-03 00:00:00',0),(528,'Loverock','Olia',1897,2,86,'2011-02-28 00:00:00','2016-06-14 00:00:00',0),(529,'Palomba','Rollie',1898,2,160,'2009-03-08 00:00:00','2011-08-08 00:00:00',0),(530,'Redihough','Ebeneser',1899,1,166,'2009-03-28 00:00:00','2007-07-06 00:00:00',0),(531,'Langforth','Cale',1900,2,270,'2013-01-14 00:00:00','2015-04-09 00:00:00',0),(532,'Neil','Lucila',1901,2,237,'2012-10-31 00:00:00','2015-10-17 00:00:00',0),(533,'MacCallion','Sawyere',1902,3,56,'2010-04-26 00:00:00','2011-11-13 00:00:00',0),(534,'Proom','Sidney',1903,3,44,'2012-07-18 00:00:00','2008-11-10 00:00:00',0),(535,'Lashley','Belvia',1904,3,312,'2009-06-04 00:00:00','2006-07-20 00:00:00',0),(536,'Gailor','Lawrence',1905,2,81,'2011-10-09 00:00:00','2010-10-24 00:00:00',0),(537,'Kermeen','Matthias',1906,1,145,'2009-03-25 00:00:00','2012-03-17 00:00:00',0),(538,'Marston','Oneida',1907,3,172,'2009-07-28 00:00:00','2007-06-01 00:00:00',0),(539,'Osant','Georgi',1908,3,57,'2011-09-28 00:00:00','2016-04-08 00:00:00',0),(540,'MacKill','Anatola',1909,2,383,'2012-01-22 00:00:00','2009-06-20 00:00:00',0),(541,'Gunton','Kandace',1910,1,175,'2009-07-10 00:00:00','2006-08-03 00:00:00',0),(542,'Dyde','Palmer',1911,3,285,'2013-10-07 00:00:00','2016-12-04 00:00:00',0),(543,'Hast','Jessi',1912,1,66,'2011-07-27 00:00:00','2007-01-06 00:00:00',0),(544,'Moseley','Josee',1913,3,285,'2011-10-16 00:00:00','2015-07-20 00:00:00',0),(545,'Sulland','Matias',1914,3,279,'2012-11-14 00:00:00','2013-05-07 00:00:00',0),(546,'Croley','Clarey',1915,1,324,'2009-01-09 00:00:00','2018-05-08 00:00:00',0),(547,'Shuttleworth','Tristan',1916,3,197,'2010-10-22 00:00:00','2018-08-26 00:00:00',0),(548,'Gorner','Delilah',1917,1,213,'2010-05-20 00:00:00','2013-06-29 00:00:00',0),(549,'Gaunt','Garek',1918,1,340,'2009-12-13 00:00:00','2013-03-26 00:00:00',0),(550,'Feaver','Farley',1919,1,215,'2009-10-08 00:00:00','2004-07-19 00:00:00',0),(551,'Varty','Che',1920,3,62,'2011-03-11 00:00:00','2010-02-19 00:00:00',0),(552,'Skakunas','Godart',1921,1,110,'2009-07-17 00:00:00','2015-04-06 00:00:00',0),(553,'Simeons','Charmine',1922,2,292,'2010-08-29 00:00:00','2014-04-14 00:00:00',0),(554,'Gledhall','Arlen',1923,1,165,'2010-08-16 00:00:00','2011-03-24 00:00:00',0),(555,'Clemmey','Kippy',1924,1,326,'2011-07-05 00:00:00','2004-04-11 00:00:00',0),(556,'O\'Codihie','Marven',1925,3,270,'2010-11-02 00:00:00','2007-02-09 00:00:00',0),(557,'Menloe','Gerik',1926,1,198,'2010-01-04 00:00:00','2012-02-04 00:00:00',0),(558,'Lucia','Spence',1927,2,351,'2011-08-07 00:00:00','2009-08-27 00:00:00',0),(559,'Khan','Tessie',1928,2,260,'2009-05-11 00:00:00','2004-04-30 00:00:00',0),(560,'Cable','Harri',1929,2,402,'2011-11-21 00:00:00','2004-09-16 00:00:00',0),(561,'Keddle','Sanders',1930,3,395,'2013-08-06 00:00:00','2015-05-31 00:00:00',0),(562,'Peacocke','Karina',1931,2,387,'2012-07-19 00:00:00','2007-03-07 00:00:00',0),(563,'Stroband','Bibby',1932,3,356,'2012-01-24 00:00:00','2012-09-28 00:00:00',0),(564,'Collingworth','Milt',1933,2,201,'2012-09-09 00:00:00','2004-01-23 00:00:00',0),(565,'Klainer','Simeon',1934,1,317,'2009-05-03 00:00:00','2004-03-12 00:00:00',0),(566,'Jannings','Aveline',1935,1,246,'2013-10-25 00:00:00','2015-02-23 00:00:00',0),(567,'Petrushanko','Tiphani',1936,1,315,'2011-02-22 00:00:00','2014-09-26 00:00:00',0),(568,'Alvaro','Lyssa',1937,1,60,'2010-09-11 00:00:00','2011-01-27 00:00:00',0),(569,'O\'Carney','Tootsie',1938,1,226,'2012-10-18 00:00:00','2014-02-16 00:00:00',0),(570,'Dulin','Gordie',1939,1,400,'2012-03-24 00:00:00','2008-04-29 00:00:00',0),(571,'Broom','Candide',1940,2,110,'2009-04-09 00:00:00','2010-07-08 00:00:00',0),(572,'Angelini','Stearne',1941,1,361,'2010-06-06 00:00:00','2010-10-01 00:00:00',0),(573,'Gillow','Bengt',1942,3,209,'2013-06-03 00:00:00','2017-07-04 00:00:00',0),(574,'Stuttman','Gwenore',1943,3,267,'2009-04-19 00:00:00','2014-07-21 00:00:00',0),(575,'Faust','Tiffanie',1944,2,78,'2013-02-13 00:00:00','2016-07-19 00:00:00',0),(576,'Ziehms','Maximilian',1945,1,252,'2013-08-18 00:00:00','2014-10-21 00:00:00',0),(577,'Tomney','Barnard',1946,2,131,'2013-08-02 00:00:00','2017-08-15 00:00:00',0),(578,'Streatley','Coop',1947,1,249,'2010-02-18 00:00:00','2006-12-30 00:00:00',0),(579,'Plummer','Hartwell',1948,2,316,'2011-11-30 00:00:00','2013-06-11 00:00:00',0),(580,'Dykes','Stephannie',1949,2,224,'2012-01-15 00:00:00','2011-10-04 00:00:00',0),(581,'Cornwall','Consalve',1950,2,81,'2012-01-24 00:00:00','2007-06-19 00:00:00',0),(582,'Gaythor','Reggy',1951,3,145,'2011-09-10 00:00:00','2004-12-09 00:00:00',0),(583,'Sewell','Alasdair',1952,1,113,'2009-04-05 00:00:00','2012-05-13 00:00:00',0),(584,'Jouning','Ethelyn',1953,1,360,'2012-01-06 00:00:00','2004-03-21 00:00:00',0),(585,'Loughan','Maureene',1954,1,80,'2010-12-13 00:00:00','2009-01-12 00:00:00',0),(586,'Underdown','Truda',1955,3,69,'2009-12-22 00:00:00','2009-06-10 00:00:00',0),(587,'Fazackerley','Olenolin',1956,1,248,'2012-08-12 00:00:00','2007-04-19 00:00:00',0),(588,'Wathey','Claiborne',1957,1,354,'2009-03-18 00:00:00','2017-09-26 00:00:00',0),(589,'Bernhart','Harley',1958,1,73,'2013-10-14 00:00:00','2013-12-29 00:00:00',0),(590,'Huscroft','Phaedra',1959,2,372,'2009-06-07 00:00:00','2010-01-04 00:00:00',0),(591,'Eastmond','Electra',1960,3,132,'2009-08-31 00:00:00','2004-02-18 00:00:00',0),(592,'Jedrys','Pacorro',1961,3,169,'2012-11-04 00:00:00','2005-04-15 00:00:00',0),(593,'McQuorkell','Charmion',1962,3,129,'2010-08-14 00:00:00','2011-10-09 00:00:00',0),(594,'Beek','Wilhelmina',1963,1,223,'2010-12-13 00:00:00','2013-04-13 00:00:00',0),(595,'Lorentzen','Dena',1964,2,377,'2013-01-16 00:00:00','2005-01-05 00:00:00',0),(596,'Bromell','Alameda',1965,1,176,'2012-01-30 00:00:00','2015-07-31 00:00:00',0),(597,'Sijmons','Fidelity',1966,3,290,'2013-06-21 00:00:00','2011-01-19 00:00:00',0),(598,'Savary','Job',1967,1,258,'2012-05-25 00:00:00','2016-12-22 00:00:00',0),(599,'Stealey','Leif',1968,1,264,'2013-05-17 00:00:00','2009-01-16 00:00:00',0),(600,'Crutchfield','Seline',1969,3,188,'2010-04-27 00:00:00','2008-12-23 00:00:00',0),(601,'Sloegrave','Bordie',1970,1,218,'2010-01-12 00:00:00','2012-08-07 00:00:00',0),(602,'Gammade','Ronna',1971,2,214,'2012-09-28 00:00:00','2004-05-22 00:00:00',0),(603,'Raggett','Ketti',1972,2,318,'2013-04-09 00:00:00','2007-04-18 00:00:00',0),(604,'Cambell','Con',1973,3,389,'2012-02-06 00:00:00','2005-01-21 00:00:00',0),(605,'Lavalde','Dottie',1974,1,237,'2010-10-19 00:00:00','2005-07-21 00:00:00',0),(606,'Murrhaupt','Remus',1975,2,294,'2010-10-26 00:00:00','2014-10-11 00:00:00',0),(607,'Casillas','Tabina',1976,2,229,'2011-01-15 00:00:00','2018-02-25 00:00:00',0),(608,'Cauldfield','Joli',1977,2,95,'2010-01-11 00:00:00','2007-07-21 00:00:00',0),(609,'Fresson','Swen',1978,1,141,'2010-03-31 00:00:00','2016-01-29 00:00:00',0),(610,'Glauber','Lev',1979,3,234,'2010-09-26 00:00:00','2018-05-18 00:00:00',0),(611,'Kubecka','Gaston',1980,2,243,'2010-12-05 00:00:00','2013-08-25 00:00:00',0),(612,'Schohier','Leroi',1981,1,298,'2010-07-12 00:00:00','2011-05-10 00:00:00',0),(613,'Light','Reta',1982,2,258,'2010-09-27 00:00:00','2011-10-14 00:00:00',0),(614,'Hattam','Gael',1983,3,140,'2013-07-30 00:00:00','2016-01-30 00:00:00',0),(615,'Scholling','Gare',1984,2,386,'2012-12-09 00:00:00','2004-07-29 00:00:00',0),(616,'Toke','Elnora',1985,3,121,'2012-10-09 00:00:00','2013-09-27 00:00:00',0),(617,'Pero','Guillaume',1986,2,46,'2012-11-17 00:00:00','2013-09-26 00:00:00',0),(618,'Matieu','Gill',1987,3,222,'2010-04-13 00:00:00','2005-07-13 00:00:00',0),(619,'Collishaw','Lissy',1988,1,105,'2013-07-13 00:00:00','2007-03-18 00:00:00',0),(620,'Gulley','Sari',1989,3,205,'2013-09-16 00:00:00','2013-06-22 00:00:00',0),(621,'Liddyard','Herbie',1990,2,129,'2013-03-18 00:00:00','2016-03-30 00:00:00',0),(622,'Capes','Murielle',1991,1,264,'2011-10-18 00:00:00','2010-07-22 00:00:00',0),(623,'Acreman','Obediah',1992,1,319,'2012-10-28 00:00:00','2016-09-22 00:00:00',0),(624,'Bridge','Mozes',1993,2,68,'2009-08-31 00:00:00','2011-11-02 00:00:00',0),(625,'Pentecust','Gaby',1994,1,288,'2011-11-15 00:00:00','2015-12-03 00:00:00',0),(626,'Conley','Claybourne',1995,2,366,'2013-05-18 00:00:00','2010-02-18 00:00:00',0),(627,'Brigham','Frederico',1996,1,335,'2011-02-23 00:00:00','2013-03-26 00:00:00',0),(628,'Haggish','Christophorus',1997,1,161,'2010-10-28 00:00:00','2009-12-31 00:00:00',0),(629,'Lerego','Debee',1998,1,93,'2009-02-23 00:00:00','2008-07-01 00:00:00',0),(630,'Cusack','Sisile',1999,1,358,'2012-12-16 00:00:00','2016-06-27 00:00:00',0),(631,'McKleod','Suzie',2000,1,259,'2009-04-05 00:00:00','2008-05-08 00:00:00',0),(632,'Castillon','Uriah',2001,1,196,'2010-09-27 00:00:00','2005-06-29 00:00:00',0),(633,'Haliday','Robbert',2002,1,156,'2011-02-19 00:00:00','2015-03-31 00:00:00',0),(634,'Caskie','Alberto',2003,1,90,'2012-03-04 00:00:00','2008-07-15 00:00:00',0),(635,'Ledgard','Annissa',2004,3,399,'2013-02-25 00:00:00','2010-03-20 00:00:00',0),(636,'Folbig','Philipa',2005,2,361,'2010-08-09 00:00:00','2011-10-03 00:00:00',0),(637,'Wilbraham','Lusa',2006,2,393,'2009-07-20 00:00:00','2018-03-23 00:00:00',0),(638,'Osborn','Marleen',2007,2,397,'2013-02-17 00:00:00','2015-11-08 00:00:00',0),(639,'Calyton','Aubrette',2008,3,331,'2010-03-25 00:00:00','2014-01-01 00:00:00',0),(640,'Feaster','Hershel',2009,1,129,'2011-05-24 00:00:00','2016-09-15 00:00:00',0),(641,'Kolakovic','Edgardo',2010,3,187,'2009-10-08 00:00:00','2018-07-31 00:00:00',0),(642,'Quant','Dusty',2011,3,195,'2010-08-22 00:00:00','2016-08-12 00:00:00',0),(643,'Mc Gaughey','Daven',2012,1,57,'2010-12-22 00:00:00','2014-04-27 00:00:00',0),(644,'MacAvddy','Franciskus',2013,3,106,'2013-04-28 00:00:00','2005-05-12 00:00:00',0),(645,'McKennan','Bil',2014,3,76,'2009-12-11 00:00:00','2005-01-19 00:00:00',0),(646,'Moors','Finley',2015,3,109,'2012-12-09 00:00:00','2014-09-03 00:00:00',0),(647,'Piccop','Finley',2016,2,181,'2011-08-25 00:00:00','2017-10-14 00:00:00',0),(648,'Ridhole','Garey',2017,3,184,'2012-05-14 00:00:00','2016-08-03 00:00:00',0),(649,'Cranmor','Kaleena',2018,1,226,'2011-10-16 00:00:00','2010-11-26 00:00:00',0),(650,'Cullon','Elianore',2019,2,312,'2009-12-12 00:00:00','2014-04-19 00:00:00',0);
/*!40000 ALTER TABLE `client` ENABLE KEYS */;
UNLOCK TABLES;

--
-- Table structure for table `client_investments`
--

DROP TABLE IF EXISTS `client_investments`;
/*!40101 SET @saved_cs_client     = @@character_set_client */;
/*!40101 SET character_set_client = utf8 */;
CREATE TABLE `client_investments` (
  `client_inv_id` int(11) NOT NULL AUTO_INCREMENT,
  `client_id` int(11) DEFAULT NULL,
  `investment_id` int(11) DEFAULT NULL,
  `num_shares` decimal(30,0) DEFAULT NULL,
  PRIMARY KEY (`client_inv_id`),
  UNIQUE KEY `client_inv_id_UNIQUE` (`client_inv_id`),
  KEY `inv_id_idx` (`investment_id`),
  KEY `client_acct_id_idx` (`client_id`),
  CONSTRAINT `client_id` FOREIGN KEY (`client_id`) REFERENCES `client` (`client_id`) ON DELETE NO ACTION ON UPDATE NO ACTION,
  CONSTRAINT `inv_id` FOREIGN KEY (`investment_id`) REFERENCES `investment` (`investment_id`) ON DELETE NO ACTION ON UPDATE NO ACTION
) ENGINE=InnoDB AUTO_INCREMENT=1001 DEFAULT CHARSET=latin1;
/*!40101 SET character_set_client = @saved_cs_client */;

--
-- Dumping data for table `client_investments`
--

LOCK TABLES `client_investments` WRITE;
/*!40000 ALTER TABLE `client_investments` DISABLE KEYS */;
INSERT INTO `client_investments` VALUES (1,1,23,45),(2,501,21,27),(3,1,29,29),(4,2,41,43),(5,3,48,32),(6,4,44,15),(7,5,44,12),(8,6,26,49),(9,7,29,34),(10,8,45,40),(11,9,41,31),(12,10,49,32),(13,11,35,15),(14,12,50,3),(15,13,39,46),(16,14,37,41),(17,15,40,50),(18,16,29,38),(19,17,27,50),(20,18,35,19),(21,19,29,42),(22,20,42,11),(23,21,39,29),(24,22,35,32),(25,23,45,40),(26,24,48,6),(27,25,32,7),(28,26,38,8),(29,27,31,48),(30,28,32,47),(31,29,38,50),(32,30,29,19),(33,31,31,47),(34,32,49,47),(35,33,28,37),(36,34,46,13),(37,35,48,46),(38,36,49,34),(39,37,42,45),(40,38,35,40),(41,39,28,43),(42,40,41,43),(43,41,50,32),(44,42,38,42),(45,43,40,22),(46,44,49,31),(47,45,48,20),(48,46,26,45),(49,47,34,18),(50,48,40,8),(51,49,35,30),(52,50,41,26),(53,51,49,44),(54,52,34,44),(55,53,29,9),(56,54,43,15),(57,55,46,30),(58,56,50,32),(59,57,26,19),(60,58,28,45),(61,59,45,16),(62,60,50,36),(63,61,30,36),(64,62,39,37),(65,63,50,47),(66,64,32,39),(67,65,49,36),(68,66,38,2),(69,67,32,32),(70,68,29,7),(71,69,49,31),(72,70,44,21),(73,71,48,27),(74,72,42,39),(75,73,40,17),(76,74,39,42),(77,75,43,27),(78,76,38,32),(79,77,32,30),(80,78,26,41),(81,79,47,46),(82,80,47,22),(83,81,36,39),(84,82,38,28),(85,83,46,49),(86,84,42,19),(87,85,28,26),(88,86,35,8),(89,87,28,10),(90,88,26,3),(91,89,28,15),(92,90,27,48),(93,91,37,9),(94,92,43,4),(95,93,38,1),(96,94,38,43),(97,95,34,34),(98,96,30,13),(99,97,29,39),(100,98,42,3),(101,99,39,25),(102,100,42,32),(103,101,32,15),(104,102,46,42),(105,103,34,34),(106,104,29,37),(107,105,33,15),(108,106,38,18),(109,107,45,21),(110,108,35,21),(111,109,40,31),(112,110,43,4),(113,111,27,19),(114,112,48,17),(115,113,46,10),(116,114,31,13),(117,115,26,1),(118,116,40,46),(119,117,30,15),(120,118,35,16),(121,119,28,3),(122,120,43,41),(123,121,41,3),(124,122,47,2),(125,123,31,35),(126,124,50,13),(127,125,40,25),(128,126,35,26),(129,127,26,5),(130,128,39,34),(131,129,29,40),(132,130,30,18),(133,131,44,48),(134,132,45,42),(135,133,45,26),(136,134,26,38),(137,135,35,1),(138,136,47,45),(139,137,28,38),(140,138,43,50),(141,139,30,11),(142,140,42,48),(143,141,31,33),(144,142,39,8),(145,143,33,26),(146,144,29,35),(147,145,47,35),(148,146,26,9),(149,147,45,23),(150,148,26,33),(151,149,47,34),(152,150,33,16),(153,151,46,26),(154,152,27,39),(155,153,41,48),(156,154,43,28),(157,155,32,19),(158,156,31,13),(159,157,49,14),(160,158,37,13),(161,159,50,27),(162,160,33,17),(163,161,29,8),(164,162,49,32),(165,163,26,29),(166,164,27,16),(167,165,40,22),(168,166,34,30),(169,167,50,16),(170,168,43,48),(171,169,36,1),(172,170,33,1),(173,171,47,29),(174,172,40,10),(175,173,36,46),(176,174,32,50),(177,175,37,37),(178,176,32,20),(179,177,32,20),(180,178,37,5),(181,179,50,4),(182,180,46,11),(183,181,29,17),(184,182,46,5),(185,183,33,35),(186,184,26,40),(187,185,47,14),(188,186,28,36),(189,187,48,33),(190,188,35,27),(191,189,49,30),(192,190,43,19),(193,191,44,49),(194,192,29,34),(195,193,42,2),(196,194,49,43),(197,195,33,40),(198,196,37,31),(199,197,45,15),(200,198,29,43),(201,199,31,41),(202,200,34,47),(203,201,44,50),(204,202,26,46),(205,203,32,15),(206,204,38,7),(207,205,39,26),(208,206,50,25),(209,207,44,16),(210,208,47,29),(211,209,28,13),(212,210,45,6),(213,211,37,14),(214,212,50,24),(215,213,44,11),(216,214,47,17),(217,215,45,40),(218,216,42,38),(219,217,26,33),(220,218,37,9),(221,219,50,13),(222,220,28,3),(223,221,36,20),(224,222,42,31),(225,223,42,4),(226,224,40,25),(227,225,44,4),(228,226,34,49),(229,227,34,6),(230,228,42,37),(231,229,32,29),(232,230,49,44),(233,231,42,30),(234,232,28,19),(235,233,29,10),(236,234,42,30),(237,235,37,44),(238,236,50,40),(239,237,45,32),(240,238,38,41),(241,239,49,9),(242,240,49,2),(243,241,29,48),(244,242,35,38),(245,243,31,35),(246,244,28,46),(247,245,42,47),(248,246,26,47),(249,247,33,39),(250,248,26,6),(251,249,45,12),(252,250,40,20),(253,251,39,45),(254,252,41,26),(255,253,35,40),(256,254,48,9),(257,255,42,24),(258,256,26,46),(259,257,36,20),(260,258,42,18),(261,259,45,37),(262,260,50,19),(263,261,45,5),(264,262,26,26),(265,263,35,40),(266,264,38,25),(267,265,32,15),(268,266,26,10),(269,267,26,6),(270,268,44,5),(271,269,48,8),(272,270,38,40),(273,271,35,37),(274,272,43,19),(275,273,30,42),(276,274,31,30),(277,275,45,37),(278,276,28,38),(279,277,36,17),(280,278,37,36),(281,279,29,36),(282,280,43,40),(283,281,37,11),(284,282,46,2),(285,283,36,49),(286,284,45,10),(287,285,45,23),(288,286,29,42),(289,287,36,20),(290,288,29,22),(291,289,43,41),(292,290,27,19),(293,291,41,46),(294,292,35,36),(295,293,47,31),(296,294,48,1),(297,295,50,13),(298,296,30,43),(299,297,26,33),(300,298,41,46),(301,299,46,24),(302,300,28,11),(303,301,40,50),(304,302,50,45),(305,303,50,41),(306,304,39,4),(307,305,33,28),(308,306,28,21),(309,307,50,10),(310,308,40,32),(311,309,43,30),(312,310,40,8),(313,311,29,39),(314,312,30,17),(315,313,34,29),(316,314,49,47),(317,315,38,1),(318,316,33,49),(319,317,33,12),(320,318,32,6),(321,319,40,36),(322,320,27,1),(323,321,39,30),(324,322,39,7),(325,323,43,39),(326,324,34,13),(327,325,32,1),(328,326,49,20),(329,327,36,37),(330,328,31,10),(331,329,47,5),(332,330,37,44),(333,331,33,22),(334,332,42,50),(335,333,26,33),(336,334,27,22),(337,335,27,26),(338,336,30,37),(339,337,47,36),(340,338,40,29),(341,339,30,7),(342,340,29,26),(343,341,46,26),(344,342,37,13),(345,343,28,48),(346,344,38,35),(347,345,39,26),(348,346,31,47),(349,347,35,1),(350,348,30,27),(351,349,46,9),(352,350,27,12),(353,351,41,29),(354,352,46,1),(355,353,31,27),(356,354,26,48),(357,355,44,28),(358,356,30,23),(359,357,41,24),(360,358,30,22),(361,359,47,50),(362,360,31,22),(363,361,33,47),(364,362,43,9),(365,363,29,39),(366,364,49,29),(367,365,45,3),(368,366,39,33),(369,367,36,28),(370,368,45,35),(371,369,35,40),(372,370,45,29),(373,371,31,25),(374,372,46,48),(375,373,45,49),(376,374,49,7),(377,375,32,14),(378,376,32,6),(379,377,36,34),(380,378,27,18),(381,379,27,7),(382,380,36,9),(383,381,47,22),(384,382,45,23),(385,383,34,9),(386,384,40,50),(387,385,47,18),(388,386,34,6),(389,387,30,41),(390,388,37,49),(391,389,42,36),(392,390,32,13),(393,391,46,14),(394,392,42,14),(395,393,40,10),(396,394,50,31),(397,395,40,4),(398,396,50,14),(399,397,49,15),(400,398,35,46),(401,399,31,9),(402,400,38,1),(403,401,35,35),(404,402,41,27),(405,403,43,33),(406,404,37,34),(407,405,36,13),(408,406,46,19),(409,407,34,31),(410,408,48,37),(411,409,40,11),(412,410,34,39),(413,411,29,23),(414,412,36,47),(415,413,45,7),(416,414,32,25),(417,415,42,29),(418,416,27,23),(419,417,30,18),(420,418,46,9),(421,419,39,18),(422,420,36,47),(423,421,44,2),(424,422,38,34),(425,423,41,25),(426,424,30,24),(427,425,44,46),(428,426,49,38),(429,427,41,12),(430,428,50,42),(431,429,50,43),(432,430,35,30),(433,431,29,5),(434,432,29,34),(435,433,35,7),(436,434,37,29),(437,435,28,47),(438,436,46,47),(439,437,31,1),(440,438,49,26),(441,439,50,14),(442,440,37,26),(443,441,31,16),(444,442,46,5),(445,443,29,3),(446,444,34,40),(447,445,41,7),(448,446,46,5),(449,447,26,11),(450,448,49,46),(451,449,45,19),(452,450,29,33),(453,451,46,1),(454,452,33,39),(455,453,35,34),(456,454,46,21),(457,455,29,38),(458,456,38,39),(459,457,39,23),(460,458,32,27),(461,459,28,26),(462,460,30,5),(463,461,29,32),(464,462,31,29),(465,463,41,26),(466,464,31,37),(467,465,49,34),(468,466,50,13),(469,467,31,24),(470,468,27,39),(471,469,31,49),(472,470,33,36),(473,471,33,11),(474,472,40,35),(475,473,38,49),(476,474,28,47),(477,475,28,1),(478,476,26,39),(479,477,36,4),(480,478,46,1),(481,479,41,18),(482,480,48,11),(483,481,34,18),(484,482,46,48),(485,483,35,1),(486,484,47,46),(487,485,27,39),(488,486,50,29),(489,487,29,34),(490,488,37,39),(491,489,32,32),(492,490,27,18),(493,491,29,2),(494,492,50,12),(495,493,27,31),(496,494,35,30),(497,495,36,32),(498,496,31,15),(499,497,48,46),(500,498,46,39),(501,1,42,34),(502,2,26,14),(503,3,34,47),(504,4,47,2),(505,5,35,50),(506,6,39,15),(507,7,27,31),(508,8,43,2),(509,9,36,38),(510,10,42,39),(511,11,27,47),(512,12,29,2),(513,13,26,3),(514,14,26,29),(515,15,49,35),(516,16,31,13),(517,17,35,41),(518,18,38,34),(519,19,39,30),(520,20,34,26),(521,21,30,2),(522,22,41,21),(523,23,29,44),(524,24,49,49),(525,25,26,5),(526,26,41,33),(527,27,47,10),(528,28,45,22),(529,29,28,21),(530,30,35,24),(531,31,48,42),(532,32,37,41),(533,33,28,44),(534,34,30,17),(535,35,37,22),(536,36,27,36),(537,37,32,23),(538,38,27,20),(539,39,49,45),(540,40,40,39),(541,41,49,39),(542,42,44,32),(543,43,31,40),(544,44,37,6),(545,45,31,41),(546,46,36,5),(547,47,41,7),(548,48,33,40),(549,49,42,24),(550,50,36,2),(551,51,34,36),(552,52,32,15),(553,53,34,33),(554,54,47,43),(555,55,28,48),(556,56,35,2),(557,57,46,35),(558,58,47,42),(559,59,45,13),(560,60,35,11),(561,61,38,14),(562,62,28,26),(563,63,41,10),(564,64,44,10),(565,65,41,49),(566,66,34,20),(567,67,36,1),(568,68,42,33),(569,69,48,18),(570,70,50,13),(571,71,31,4),(572,72,40,18),(573,73,42,21),(574,74,37,20),(575,75,43,32),(576,76,35,38),(577,77,49,16),(578,78,37,10),(579,79,28,46),(580,80,32,22),(581,81,39,28),(582,82,50,7),(583,83,45,2),(584,84,32,38),(585,85,38,20),(586,86,27,19),(587,87,38,45),(588,88,31,11),(589,89,34,23),(590,90,45,15),(591,91,45,45),(592,92,49,8),(593,93,38,24),(594,94,39,38),(595,95,35,28),(596,96,50,22),(597,97,33,17),(598,98,46,8),(599,99,49,15),(600,100,44,24),(601,101,34,22),(602,102,47,31),(603,103,38,10),(604,104,50,44),(605,105,45,13),(606,106,39,22),(607,107,44,26),(608,108,39,42),(609,109,33,43),(610,110,43,45),(611,111,34,23),(612,112,48,2),(613,113,46,49),(614,114,28,33),(615,115,50,35),(616,116,33,20),(617,117,44,3),(618,118,34,38),(619,119,34,45),(620,120,29,45),(621,121,27,22),(622,122,37,23),(623,123,27,47),(624,124,49,37),(625,125,49,47),(626,126,33,3),(627,127,48,13),(628,128,31,42),(629,129,29,40),(630,130,31,24),(631,131,27,32),(632,132,41,12),(633,133,36,49),(634,134,38,49),(635,135,37,10),(636,136,32,46),(637,137,43,26),(638,138,36,9),(639,139,35,27),(640,140,49,48),(641,141,45,5),(642,142,39,30),(643,143,26,18),(644,144,40,47),(645,145,34,13),(646,146,32,26),(647,147,31,9),(648,148,48,13),(649,149,43,7),(650,150,45,7),(651,151,31,45),(652,152,34,20),(653,153,47,23),(654,154,50,25),(655,155,48,11),(656,156,30,21),(657,157,45,40),(658,158,33,39),(659,159,38,32),(660,160,36,50),(661,161,44,39),(662,162,45,46),(663,163,48,2),(664,164,49,31),(665,165,43,39),(666,166,40,41),(667,167,42,12),(668,168,32,28),(669,169,36,28),(670,170,46,20),(671,171,36,48),(672,172,47,9),(673,173,26,20),(674,174,45,3),(675,175,29,40),(676,176,47,19),(677,177,45,22),(678,178,46,41),(679,179,40,27),(680,180,29,4),(681,181,49,17),(682,182,41,50),(683,183,36,4),(684,184,35,33),(685,185,39,44),(686,186,28,12),(687,187,45,6),(688,188,39,33),(689,189,42,28),(690,190,26,27),(691,191,29,13),(692,192,34,31),(693,193,37,16),(694,194,29,45),(695,195,41,7),(696,196,49,30),(697,197,34,44),(698,198,32,34),(699,199,42,1),(700,200,40,45),(701,201,41,10),(702,202,28,28),(703,203,36,49),(704,204,33,15),(705,205,32,22),(706,206,29,20),(707,207,41,37),(708,208,38,21),(709,209,45,14),(710,210,41,44),(711,211,50,31),(712,212,41,30),(713,213,43,37),(714,214,37,17),(715,215,36,46),(716,216,38,9),(717,217,44,33),(718,218,35,49),(719,219,43,45),(720,220,38,27),(721,221,27,47),(722,222,42,37),(723,223,39,50),(724,224,46,34),(725,225,33,47),(726,226,44,15),(727,227,40,44),(728,228,31,22),(729,229,39,48),(730,230,29,20),(731,231,28,41),(732,232,29,20),(733,233,34,10),(734,234,28,37),(735,235,31,15),(736,236,44,5),(737,237,50,40),(738,238,30,26),(739,239,41,40),(740,240,32,12),(741,241,40,38),(742,242,32,20),(743,243,35,28),(744,244,35,46),(745,245,40,33),(746,246,43,42),(747,247,30,33),(748,248,34,33),(749,249,29,40),(750,250,41,25),(751,251,38,24),(752,252,27,43),(753,253,48,34),(754,254,42,9),(755,255,28,45),(756,256,35,33),(757,257,36,49),(758,258,37,13),(759,259,50,15),(760,260,33,37),(761,261,27,27),(762,262,47,26),(763,263,26,12),(764,264,27,1),(765,265,42,47),(766,266,38,45),(767,267,41,6),(768,268,36,11),(769,269,33,12),(770,270,36,25),(771,271,30,11),(772,272,34,45),(773,273,45,25),(774,274,43,34),(775,275,39,46),(776,276,44,11),(777,277,35,21),(778,278,47,22),(779,279,31,3),(780,280,50,14),(781,281,49,4),(782,282,33,45),(783,283,38,8),(784,284,50,23),(785,285,44,6),(786,286,26,26),(787,287,44,26),(788,288,26,2),(789,289,49,33),(790,290,47,34),(791,291,41,27),(792,292,34,24),(793,293,35,33),(794,294,27,16),(795,295,38,39),(796,296,50,13),(797,297,27,30),(798,298,35,34),(799,299,44,1),(800,300,33,1),(801,301,34,30),(802,302,32,32),(803,303,45,20),(804,304,43,50),(805,305,34,28),(806,306,30,32),(807,307,31,39),(808,308,50,37),(809,309,39,28),(810,310,41,37),(811,311,41,36),(812,312,45,16),(813,313,38,43),(814,314,30,14),(815,315,34,3),(816,316,43,31),(817,317,50,30),(818,318,26,2),(819,319,40,18),(820,320,46,27),(821,321,40,4),(822,322,28,43),(823,323,46,23),(824,324,33,17),(825,325,50,11),(826,326,36,48),(827,327,28,38),(828,328,40,36),(829,329,26,49),(830,330,47,18),(831,331,45,7),(832,332,37,30),(833,333,28,11),(834,334,47,1),(835,335,39,39),(836,336,31,2),(837,337,34,39),(838,338,40,6),(839,339,40,4),(840,340,46,38),(841,341,26,9),(842,342,27,31),(843,343,32,1),(844,344,38,16),(845,345,49,4),(846,346,48,12),(847,347,31,38),(848,348,31,17),(849,349,45,36),(850,350,39,48),(851,351,45,22),(852,352,26,11),(853,353,38,29),(854,354,43,20),(855,355,38,30),(856,356,43,17),(857,357,38,8),(858,358,47,12),(859,359,41,19),(860,360,49,17),(861,361,26,20),(862,362,37,44),(863,363,27,24),(864,364,43,25),(865,365,42,25),(866,366,30,27),(867,367,31,42),(868,368,31,24),(869,369,26,46),(870,370,31,6),(871,371,39,18),(872,372,38,14),(873,373,47,32),(874,374,32,11),(875,375,42,15),(876,376,32,7),(877,377,38,46),(878,378,42,5),(879,379,27,28),(880,380,27,11),(881,381,42,16),(882,382,36,14),(883,383,39,27),(884,384,40,13),(885,385,40,7),(886,386,41,27),(887,387,43,25),(888,388,34,5),(889,389,34,30),(890,390,30,28),(891,391,33,10),(892,392,49,36),(893,393,49,25),(894,394,46,50),(895,395,31,13),(896,396,40,39),(897,397,43,6),(898,398,28,39),(899,399,41,13),(900,400,29,39),(901,401,27,28),(902,402,33,7),(903,403,45,19),(904,404,30,12),(905,405,42,5),(906,406,39,28),(907,407,30,4),(908,408,41,48),(909,409,29,12),(910,410,44,36),(911,411,40,14),(912,412,26,49),(913,413,31,23),(914,414,44,50),(915,415,28,3),(916,416,38,6),(917,417,29,48),(918,418,43,7),(919,419,47,15),(920,420,40,25),(921,421,36,33),(922,422,42,40),(923,423,50,9),(924,424,46,13),(925,425,36,47),(926,426,39,35),(927,427,42,36),(928,428,50,26),(929,429,31,28),(930,430,48,8),(931,431,37,15),(932,432,29,18),(933,433,28,9),(934,434,37,17),(935,435,35,9),(936,436,38,21),(937,437,49,2),(938,438,50,9),(939,439,45,11),(940,440,39,14),(941,441,29,30),(942,442,43,32),(943,443,40,23),(944,444,37,49),(945,445,30,42),(946,446,45,43),(947,447,37,17),(948,448,32,19),(949,449,31,13),(950,450,45,32),(951,451,27,28),(952,452,48,3),(953,453,50,28),(954,454,35,36),(955,455,45,36),(956,456,43,25),(957,457,27,45),(958,458,35,48),(959,459,44,17),(960,460,37,50),(961,461,31,39),(962,462,47,25),(963,463,42,29),(964,464,48,25),(965,465,38,10),(966,466,42,24),(967,467,48,37),(968,468,32,5),(969,469,33,12),(970,470,41,48),(971,471,35,27),(972,472,47,6),(973,473,28,7),(974,474,26,11),(975,475,48,26),(976,476,31,22),(977,477,28,49),(978,478,44,40),(979,479,47,28),(980,480,28,21),(981,481,50,43),(982,482,27,12),(983,483,34,18),(984,484,39,37),(985,485,49,4),(986,486,50,33),(987,487,46,30),(988,488,27,8),(989,489,29,1),(990,490,41,27),(991,491,50,2),(992,492,50,44),(993,493,42,8),(994,494,43,45),(995,495,33,41),(996,496,50,25),(997,497,43,30),(998,498,46,44),(999,499,48,22),(1000,500,39,42);
/*!40000 ALTER TABLE `client_investments` ENABLE KEYS */;
UNLOCK TABLES;

--
-- Table structure for table `client_report`
--

DROP TABLE IF EXISTS `client_report`;
/*!40101 SET @saved_cs_client     = @@character_set_client */;
/*!40101 SET character_set_client = utf8 */;
CREATE TABLE `client_report` (
  `client_id` int(11) NOT NULL,
  `investment_type_id` int(11) NOT NULL,
  `investment_weight` int(11) DEFAULT NULL,
  PRIMARY KEY (`client_id`,`investment_type_id`),
  KEY `client's survey report_idx` (`client_id`),
  KEY `investment type_idx` (`investment_type_id`),
  CONSTRAINT `client's survey report` FOREIGN KEY (`client_id`) REFERENCES `client` (`client_id`) ON DELETE NO ACTION ON UPDATE NO ACTION,
  CONSTRAINT `investment type` FOREIGN KEY (`investment_type_id`) REFERENCES `investment_type` (`investment_type_id`) ON DELETE NO ACTION ON UPDATE NO ACTION
) ENGINE=InnoDB DEFAULT CHARSET=latin1;
/*!40101 SET character_set_client = @saved_cs_client */;

--
-- Dumping data for table `client_report`
--

LOCK TABLES `client_report` WRITE;
/*!40000 ALTER TABLE `client_report` DISABLE KEYS */;
/*!40000 ALTER TABLE `client_report` ENABLE KEYS */;
UNLOCK TABLES;

--
-- Table structure for table `client_transactions`
--

DROP TABLE IF EXISTS `client_transactions`;
/*!40101 SET @saved_cs_client     = @@character_set_client */;
/*!40101 SET character_set_client = utf8 */;
CREATE TABLE `client_transactions` (
  `transaction_id` int(11) NOT NULL AUTO_INCREMENT,
  `client_inv_id` int(11) DEFAULT NULL,
  `amount` decimal(15,0) DEFAULT NULL,
  `date` datetime DEFAULT NULL,
  PRIMARY KEY (`transaction_id`),
  UNIQUE KEY `transaction_id_UNIQUE` (`transaction_id`),
  CONSTRAINT `client investment id` FOREIGN KEY (`client_inv_id`) REFERENCES `client_investments` (`client_inv_id`) ON DELETE NO ACTION ON UPDATE NO ACTION
) ENGINE=InnoDB AUTO_INCREMENT=2001 DEFAULT CHARSET=latin1;
/*!40101 SET character_set_client = @saved_cs_client */;

--
-- Dumping data for table `client_transactions`
--

LOCK TABLES `client_transactions` WRITE;
/*!40000 ALTER TABLE `client_transactions` DISABLE KEYS */;
INSERT INTO `client_transactions` VALUES (1,1,91,'2016-07-10 00:00:00'),(2,2,344,'2015-10-05 00:00:00'),(3,3,49,'2018-08-03 00:00:00'),(4,4,385,'2015-11-22 00:00:00'),(5,5,51,'2015-08-12 00:00:00'),(6,6,139,'2014-12-19 00:00:00'),(7,7,385,'2015-09-28 00:00:00'),(8,8,403,'2017-12-30 00:00:00'),(9,9,77,'2018-08-13 00:00:00'),(10,10,139,'2017-11-08 00:00:00'),(11,11,149,'2016-01-28 00:00:00'),(12,12,307,'2018-11-04 00:00:00'),(13,13,321,'2016-10-27 00:00:00'),(14,14,350,'2016-08-03 00:00:00'),(15,15,483,'2016-04-15 00:00:00'),(16,16,263,'2017-08-16 00:00:00'),(17,17,114,'2015-08-13 00:00:00'),(18,18,184,'2017-10-08 00:00:00'),(19,19,269,'2015-03-27 00:00:00'),(20,20,33,'2015-03-29 00:00:00'),(21,21,26,'2018-10-25 00:00:00'),(22,22,411,'2016-09-15 00:00:00'),(23,23,45,'2015-12-21 00:00:00'),(24,24,98,'2016-01-18 00:00:00'),(25,25,71,'2018-09-05 00:00:00'),(26,26,170,'2016-11-10 00:00:00'),(27,27,238,'2015-08-03 00:00:00'),(28,28,338,'2015-12-24 00:00:00'),(29,29,196,'2016-03-05 00:00:00'),(30,30,223,'2015-03-31 00:00:00'),(31,31,133,'2017-03-29 00:00:00'),(32,32,417,'2018-01-14 00:00:00'),(33,33,492,'2018-03-19 00:00:00'),(34,34,89,'2015-04-19 00:00:00'),(35,35,101,'2017-04-24 00:00:00'),(36,36,112,'2018-01-08 00:00:00'),(37,37,486,'2015-03-27 00:00:00'),(38,38,257,'2017-06-06 00:00:00'),(39,39,38,'2016-09-22 00:00:00'),(40,40,361,'2016-03-12 00:00:00'),(41,41,493,'2015-03-11 00:00:00'),(42,42,410,'2018-03-09 00:00:00'),(43,43,389,'2015-01-23 00:00:00'),(44,44,163,'2016-01-05 00:00:00'),(45,45,204,'2016-06-06 00:00:00'),(46,46,438,'2016-03-16 00:00:00'),(47,47,83,'2015-08-03 00:00:00'),(48,48,361,'2016-12-31 00:00:00'),(49,49,489,'2015-03-23 00:00:00'),(50,50,235,'2016-04-21 00:00:00'),(51,51,430,'2017-06-21 00:00:00'),(52,52,353,'2018-05-27 00:00:00'),(53,53,376,'2016-11-22 00:00:00'),(54,54,281,'2016-03-13 00:00:00'),(55,55,172,'2017-03-22 00:00:00'),(56,56,21,'2016-01-14 00:00:00'),(57,57,68,'2017-01-05 00:00:00'),(58,58,492,'2018-04-06 00:00:00'),(59,59,76,'2017-06-08 00:00:00'),(60,60,362,'2016-12-28 00:00:00'),(61,61,488,'2016-11-05 00:00:00'),(62,62,140,'2018-08-20 00:00:00'),(63,63,422,'2018-02-08 00:00:00'),(64,64,197,'2017-11-06 00:00:00'),(65,65,141,'2018-11-03 00:00:00'),(66,66,153,'2016-10-29 00:00:00'),(67,67,36,'2018-07-18 00:00:00'),(68,68,179,'2016-11-24 00:00:00'),(69,69,67,'2017-10-14 00:00:00'),(70,70,142,'2016-09-30 00:00:00'),(71,71,208,'2017-06-04 00:00:00'),(72,72,458,'2018-06-28 00:00:00'),(73,73,276,'2017-04-05 00:00:00'),(74,74,456,'2016-01-26 00:00:00'),(75,75,476,'2016-04-10 00:00:00'),(76,76,242,'2018-08-11 00:00:00'),(77,77,103,'2017-12-20 00:00:00'),(78,78,499,'2018-08-10 00:00:00'),(79,79,386,'2016-01-03 00:00:00'),(80,80,381,'2017-12-25 00:00:00'),(81,81,448,'2018-11-03 00:00:00'),(82,82,233,'2018-05-02 00:00:00'),(83,83,116,'2017-01-13 00:00:00'),(84,84,67,'2018-07-12 00:00:00'),(85,85,413,'2015-07-17 00:00:00'),(86,86,128,'2017-11-18 00:00:00'),(87,87,473,'2018-02-03 00:00:00'),(88,88,299,'2015-03-10 00:00:00'),(89,89,273,'2016-03-09 00:00:00'),(90,90,466,'2016-06-29 00:00:00'),(91,91,173,'2017-05-09 00:00:00'),(92,92,288,'2018-10-15 00:00:00'),(93,93,96,'2016-08-06 00:00:00'),(94,94,218,'2018-09-25 00:00:00'),(95,95,360,'2016-09-11 00:00:00'),(96,96,80,'2017-07-30 00:00:00'),(97,97,259,'2015-05-08 00:00:00'),(98,98,419,'2017-03-16 00:00:00'),(99,99,465,'2015-04-24 00:00:00'),(100,100,75,'2018-08-19 00:00:00'),(101,101,470,'2016-03-03 00:00:00'),(102,102,180,'2016-10-02 00:00:00'),(103,103,183,'2018-06-07 00:00:00'),(104,104,430,'2016-04-17 00:00:00'),(105,105,458,'2016-03-23 00:00:00'),(106,106,93,'2016-03-20 00:00:00'),(107,107,192,'2016-06-08 00:00:00'),(108,108,33,'2018-03-04 00:00:00'),(109,109,425,'2017-04-23 00:00:00'),(110,110,106,'2016-01-15 00:00:00'),(111,111,139,'2016-08-06 00:00:00'),(112,112,252,'2016-02-02 00:00:00'),(113,113,418,'2016-04-20 00:00:00'),(114,114,378,'2015-01-24 00:00:00'),(115,115,256,'2016-08-06 00:00:00'),(116,116,302,'2015-08-17 00:00:00'),(117,117,23,'2018-06-03 00:00:00'),(118,118,396,'2016-08-28 00:00:00'),(119,119,418,'2016-10-29 00:00:00'),(120,120,311,'2015-08-07 00:00:00'),(121,121,383,'2016-10-05 00:00:00'),(122,122,192,'2016-04-29 00:00:00'),(123,123,475,'2018-07-20 00:00:00'),(124,124,377,'2018-06-30 00:00:00'),(125,125,385,'2015-05-23 00:00:00'),(126,126,367,'2017-12-19 00:00:00'),(127,127,133,'2016-03-07 00:00:00'),(128,128,261,'2018-11-10 00:00:00'),(129,129,247,'2016-12-01 00:00:00'),(130,130,241,'2015-11-13 00:00:00'),(131,131,77,'2017-07-21 00:00:00'),(132,132,45,'2015-05-29 00:00:00'),(133,133,490,'2018-09-03 00:00:00'),(134,134,195,'2018-10-17 00:00:00'),(135,135,12,'2017-04-28 00:00:00'),(136,136,466,'2015-01-14 00:00:00'),(137,137,54,'2017-05-15 00:00:00'),(138,138,139,'2015-02-08 00:00:00'),(139,139,57,'2015-03-19 00:00:00'),(140,140,142,'2014-12-01 00:00:00'),(141,141,100,'2015-07-25 00:00:00'),(142,142,289,'2017-10-07 00:00:00'),(143,143,470,'2018-05-11 00:00:00'),(144,144,22,'2018-10-20 00:00:00'),(145,145,218,'2014-11-22 00:00:00'),(146,146,297,'2016-02-10 00:00:00'),(147,147,396,'2017-09-13 00:00:00'),(148,148,397,'2017-11-23 00:00:00'),(149,149,329,'2015-06-23 00:00:00'),(150,150,127,'2015-06-24 00:00:00'),(151,151,183,'2018-01-23 00:00:00'),(152,152,379,'2017-02-14 00:00:00'),(153,153,177,'2016-11-21 00:00:00'),(154,154,172,'2018-07-29 00:00:00'),(155,155,21,'2015-07-06 00:00:00'),(156,156,301,'2014-12-25 00:00:00'),(157,157,138,'2017-03-03 00:00:00'),(158,158,486,'2018-06-18 00:00:00'),(159,159,414,'2016-11-26 00:00:00'),(160,160,236,'2018-03-20 00:00:00'),(161,161,377,'2018-06-14 00:00:00'),(162,162,164,'2017-10-12 00:00:00'),(163,163,190,'2014-11-30 00:00:00'),(164,164,69,'2017-03-09 00:00:00'),(165,165,23,'2018-08-06 00:00:00'),(166,166,445,'2015-01-17 00:00:00'),(167,167,376,'2018-06-10 00:00:00'),(168,168,296,'2015-10-31 00:00:00'),(169,169,96,'2018-10-18 00:00:00'),(170,170,262,'2016-08-18 00:00:00'),(171,171,150,'2016-12-01 00:00:00'),(172,172,303,'2018-06-11 00:00:00'),(173,173,363,'2018-02-02 00:00:00'),(174,174,253,'2018-11-15 00:00:00'),(175,175,205,'2016-12-19 00:00:00'),(176,176,429,'2015-11-08 00:00:00'),(177,177,46,'2018-02-16 00:00:00'),(178,178,291,'2016-01-12 00:00:00'),(179,179,121,'2016-03-23 00:00:00'),(180,180,337,'2014-12-07 00:00:00'),(181,181,117,'2015-02-21 00:00:00'),(182,182,98,'2014-12-14 00:00:00'),(183,183,476,'2018-03-13 00:00:00'),(184,184,108,'2015-11-05 00:00:00'),(185,185,480,'2018-08-18 00:00:00'),(186,186,12,'2016-07-18 00:00:00'),(187,187,249,'2015-06-28 00:00:00'),(188,188,169,'2016-05-02 00:00:00'),(189,189,181,'2016-12-18 00:00:00'),(190,190,326,'2017-11-10 00:00:00'),(191,191,157,'2015-03-19 00:00:00'),(192,192,254,'2015-09-22 00:00:00'),(193,193,256,'2017-01-31 00:00:00'),(194,194,255,'2015-09-16 00:00:00'),(195,195,382,'2018-05-15 00:00:00'),(196,196,222,'2017-12-31 00:00:00'),(197,197,12,'2017-05-09 00:00:00'),(198,198,362,'2015-07-12 00:00:00'),(199,199,484,'2015-03-25 00:00:00'),(200,200,130,'2017-03-09 00:00:00'),(201,201,58,'2018-08-06 00:00:00'),(202,202,123,'2017-09-17 00:00:00'),(203,203,238,'2017-10-13 00:00:00'),(204,204,21,'2018-07-04 00:00:00'),(205,205,178,'2015-01-01 00:00:00'),(206,206,241,'2017-09-18 00:00:00'),(207,207,63,'2016-10-16 00:00:00'),(208,208,313,'2018-02-05 00:00:00'),(209,209,268,'2017-04-13 00:00:00'),(210,210,110,'2018-10-13 00:00:00'),(211,211,391,'2016-03-03 00:00:00'),(212,212,337,'2017-12-25 00:00:00'),(213,213,414,'2016-08-11 00:00:00'),(214,214,495,'2014-12-25 00:00:00'),(215,215,163,'2016-11-09 00:00:00'),(216,216,54,'2016-08-04 00:00:00'),(217,217,223,'2016-03-14 00:00:00'),(218,218,303,'2018-08-26 00:00:00'),(219,219,349,'2017-02-11 00:00:00'),(220,220,368,'2014-12-23 00:00:00'),(221,221,341,'2015-07-05 00:00:00'),(222,222,441,'2016-05-04 00:00:00'),(223,223,138,'2018-04-13 00:00:00'),(224,224,255,'2016-11-29 00:00:00'),(225,225,386,'2016-12-31 00:00:00'),(226,226,418,'2014-12-03 00:00:00'),(227,227,230,'2017-04-11 00:00:00'),(228,228,344,'2018-10-15 00:00:00'),(229,229,458,'2015-12-27 00:00:00'),(230,230,348,'2018-06-28 00:00:00'),(231,231,104,'2015-11-28 00:00:00'),(232,232,421,'2015-01-18 00:00:00'),(233,233,260,'2018-07-16 00:00:00'),(234,234,308,'2017-04-21 00:00:00'),(235,235,293,'2016-08-28 00:00:00'),(236,236,196,'2018-06-25 00:00:00'),(237,237,209,'2015-02-17 00:00:00'),(238,238,73,'2016-06-23 00:00:00'),(239,239,401,'2017-11-07 00:00:00'),(240,240,341,'2016-10-21 00:00:00'),(241,241,80,'2018-01-08 00:00:00'),(242,242,289,'2014-12-10 00:00:00'),(243,243,27,'2016-06-05 00:00:00'),(244,244,430,'2018-03-20 00:00:00'),(245,245,403,'2016-09-29 00:00:00'),(246,246,402,'2017-01-24 00:00:00'),(247,247,272,'2017-01-10 00:00:00'),(248,248,420,'2016-05-08 00:00:00'),(249,249,130,'2018-07-02 00:00:00'),(250,250,223,'2018-05-11 00:00:00'),(251,251,220,'2017-10-25 00:00:00'),(252,252,219,'2018-02-05 00:00:00'),(253,253,337,'2015-11-26 00:00:00'),(254,254,145,'2016-02-16 00:00:00'),(255,255,60,'2017-02-09 00:00:00'),(256,256,309,'2017-03-01 00:00:00'),(257,257,420,'2015-04-15 00:00:00'),(258,258,227,'2016-06-22 00:00:00'),(259,259,405,'2018-09-08 00:00:00'),(260,260,311,'2017-03-26 00:00:00'),(261,261,287,'2018-04-01 00:00:00'),(262,262,428,'2015-10-15 00:00:00'),(263,263,335,'2016-05-11 00:00:00'),(264,264,496,'2016-01-10 00:00:00'),(265,265,252,'2017-12-08 00:00:00'),(266,266,10,'2018-04-17 00:00:00'),(267,267,351,'2015-02-05 00:00:00'),(268,268,30,'2016-07-07 00:00:00'),(269,269,309,'2015-03-30 00:00:00'),(270,270,169,'2016-07-08 00:00:00'),(271,271,356,'2015-01-01 00:00:00'),(272,272,285,'2015-05-06 00:00:00'),(273,273,362,'2015-01-05 00:00:00'),(274,274,232,'2016-05-03 00:00:00'),(275,275,410,'2015-11-03 00:00:00'),(276,276,443,'2018-09-22 00:00:00'),(277,277,216,'2017-10-18 00:00:00'),(278,278,373,'2015-01-29 00:00:00'),(279,279,186,'2016-04-01 00:00:00'),(280,280,201,'2016-01-16 00:00:00'),(281,281,271,'2016-03-01 00:00:00'),(282,282,395,'2018-01-14 00:00:00'),(283,283,179,'2015-09-23 00:00:00'),(284,284,265,'2017-08-22 00:00:00'),(285,285,112,'2015-08-31 00:00:00'),(286,286,173,'2015-06-10 00:00:00'),(287,287,115,'2017-04-24 00:00:00'),(288,288,376,'2015-09-04 00:00:00'),(289,289,329,'2016-04-06 00:00:00'),(290,290,285,'2017-09-01 00:00:00'),(291,291,57,'2015-06-09 00:00:00'),(292,292,289,'2016-04-02 00:00:00'),(293,293,371,'2018-07-28 00:00:00'),(294,294,303,'2015-04-12 00:00:00'),(295,295,143,'2015-06-18 00:00:00'),(296,296,108,'2017-12-01 00:00:00'),(297,297,144,'2018-03-18 00:00:00'),(298,298,464,'2018-09-02 00:00:00'),(299,299,477,'2018-07-31 00:00:00'),(300,300,144,'2015-10-18 00:00:00'),(301,301,82,'2017-11-12 00:00:00'),(302,302,423,'2018-11-14 00:00:00'),(303,303,359,'2018-04-02 00:00:00'),(304,304,447,'2017-05-09 00:00:00'),(305,305,129,'2016-09-18 00:00:00'),(306,306,254,'2018-02-13 00:00:00'),(307,307,442,'2016-11-18 00:00:00'),(308,308,340,'2016-10-07 00:00:00'),(309,309,398,'2015-03-02 00:00:00'),(310,310,130,'2018-08-04 00:00:00'),(311,311,379,'2016-10-15 00:00:00'),(312,312,22,'2016-01-20 00:00:00'),(313,313,455,'2016-06-11 00:00:00'),(314,314,172,'2018-08-16 00:00:00'),(315,315,355,'2014-12-31 00:00:00'),(316,316,401,'2016-06-22 00:00:00'),(317,317,472,'2016-08-12 00:00:00'),(318,318,70,'2017-05-30 00:00:00'),(319,319,452,'2017-04-23 00:00:00'),(320,320,22,'2018-09-05 00:00:00'),(321,321,82,'2016-09-05 00:00:00'),(322,322,302,'2018-04-05 00:00:00'),(323,323,77,'2015-03-20 00:00:00'),(324,324,406,'2015-09-10 00:00:00'),(325,325,81,'2015-08-30 00:00:00'),(326,326,43,'2016-08-01 00:00:00'),(327,327,334,'2016-11-17 00:00:00'),(328,328,254,'2015-02-28 00:00:00'),(329,329,92,'2018-10-18 00:00:00'),(330,330,186,'2017-12-14 00:00:00'),(331,331,214,'2017-10-26 00:00:00'),(332,332,196,'2017-06-27 00:00:00'),(333,333,292,'2018-02-01 00:00:00'),(334,334,52,'2015-06-28 00:00:00'),(335,335,66,'2018-03-06 00:00:00'),(336,336,240,'2016-06-22 00:00:00'),(337,337,494,'2017-02-19 00:00:00'),(338,338,421,'2016-03-15 00:00:00'),(339,339,273,'2017-11-25 00:00:00'),(340,340,59,'2018-10-27 00:00:00'),(341,341,374,'2016-04-10 00:00:00'),(342,342,206,'2015-09-13 00:00:00'),(343,343,251,'2015-10-30 00:00:00'),(344,344,425,'2018-07-11 00:00:00'),(345,345,495,'2016-08-29 00:00:00'),(346,346,175,'2016-12-02 00:00:00'),(347,347,458,'2015-12-17 00:00:00'),(348,348,489,'2015-12-14 00:00:00'),(349,349,297,'2015-11-01 00:00:00'),(350,350,348,'2015-02-03 00:00:00'),(351,351,219,'2016-02-24 00:00:00'),(352,352,452,'2017-09-06 00:00:00'),(353,353,120,'2015-09-22 00:00:00'),(354,354,192,'2016-11-27 00:00:00'),(355,355,200,'2016-12-31 00:00:00'),(356,356,329,'2016-06-16 00:00:00'),(357,357,442,'2017-07-09 00:00:00'),(358,358,244,'2015-05-08 00:00:00'),(359,359,158,'2015-01-31 00:00:00'),(360,360,253,'2018-05-10 00:00:00'),(361,361,212,'2015-03-23 00:00:00'),(362,362,63,'2016-12-03 00:00:00'),(363,363,179,'2015-02-24 00:00:00'),(364,364,252,'2017-08-12 00:00:00'),(365,365,338,'2017-01-10 00:00:00'),(366,366,436,'2017-08-18 00:00:00'),(367,367,424,'2016-08-23 00:00:00'),(368,368,466,'2018-02-19 00:00:00'),(369,369,158,'2015-10-30 00:00:00'),(370,370,208,'2016-12-24 00:00:00'),(371,371,340,'2015-09-25 00:00:00'),(372,372,64,'2018-04-09 00:00:00'),(373,373,95,'2018-10-02 00:00:00'),(374,374,173,'2017-04-17 00:00:00'),(375,375,389,'2018-03-07 00:00:00'),(376,376,35,'2017-07-09 00:00:00'),(377,377,481,'2015-09-22 00:00:00'),(378,378,189,'2015-09-26 00:00:00'),(379,379,290,'2015-05-10 00:00:00'),(380,380,234,'2015-11-13 00:00:00'),(381,381,423,'2016-05-01 00:00:00'),(382,382,256,'2018-09-12 00:00:00'),(383,383,334,'2018-05-12 00:00:00'),(384,384,231,'2015-05-08 00:00:00'),(385,385,79,'2017-11-08 00:00:00'),(386,386,249,'2016-11-17 00:00:00'),(387,387,156,'2015-07-25 00:00:00'),(388,388,10,'2015-06-19 00:00:00'),(389,389,126,'2016-10-07 00:00:00'),(390,390,146,'2018-06-30 00:00:00'),(391,391,71,'2016-02-11 00:00:00'),(392,392,192,'2018-07-19 00:00:00'),(393,393,26,'2016-02-19 00:00:00'),(394,394,412,'2017-06-08 00:00:00'),(395,395,105,'2017-05-13 00:00:00'),(396,396,189,'2016-06-10 00:00:00'),(397,397,71,'2016-02-15 00:00:00'),(398,398,281,'2016-11-29 00:00:00'),(399,399,195,'2017-10-18 00:00:00'),(400,400,74,'2016-04-03 00:00:00'),(401,401,196,'2015-02-01 00:00:00'),(402,402,284,'2018-01-18 00:00:00'),(403,403,353,'2018-09-01 00:00:00'),(404,404,262,'2017-07-01 00:00:00'),(405,405,423,'2016-09-28 00:00:00'),(406,406,421,'2015-03-12 00:00:00'),(407,407,415,'2016-09-17 00:00:00'),(408,408,123,'2015-06-05 00:00:00'),(409,409,164,'2016-05-27 00:00:00'),(410,410,403,'2016-02-19 00:00:00'),(411,411,128,'2016-02-22 00:00:00'),(412,412,487,'2017-11-16 00:00:00'),(413,413,461,'2017-10-31 00:00:00'),(414,414,145,'2015-10-15 00:00:00'),(415,415,43,'2016-01-02 00:00:00'),(416,416,48,'2018-04-01 00:00:00'),(417,417,313,'2016-12-09 00:00:00'),(418,418,137,'2018-11-16 00:00:00'),(419,419,184,'2018-07-02 00:00:00'),(420,420,88,'2016-06-30 00:00:00'),(421,421,277,'2016-01-17 00:00:00'),(422,422,250,'2018-05-15 00:00:00'),(423,423,392,'2015-01-24 00:00:00'),(424,424,28,'2016-11-21 00:00:00'),(425,425,185,'2015-09-14 00:00:00'),(426,426,104,'2017-09-14 00:00:00'),(427,427,293,'2018-09-27 00:00:00'),(428,428,457,'2018-01-09 00:00:00'),(429,429,210,'2017-03-11 00:00:00'),(430,430,473,'2017-01-01 00:00:00'),(431,431,128,'2016-01-18 00:00:00'),(432,432,322,'2018-11-16 00:00:00'),(433,433,92,'2018-11-02 00:00:00'),(434,434,122,'2016-02-14 00:00:00'),(435,435,56,'2016-11-24 00:00:00'),(436,436,47,'2018-03-10 00:00:00'),(437,437,214,'2018-08-16 00:00:00'),(438,438,256,'2017-12-26 00:00:00'),(439,439,300,'2018-02-12 00:00:00'),(440,440,302,'2015-02-15 00:00:00'),(441,441,229,'2017-07-15 00:00:00'),(442,442,234,'2018-08-14 00:00:00'),(443,443,39,'2017-10-26 00:00:00'),(444,444,190,'2016-03-09 00:00:00'),(445,445,479,'2015-07-17 00:00:00'),(446,446,172,'2016-03-19 00:00:00'),(447,447,182,'2018-03-17 00:00:00'),(448,448,191,'2018-07-08 00:00:00'),(449,449,132,'2017-01-02 00:00:00'),(450,450,86,'2018-02-13 00:00:00'),(451,451,167,'2018-11-05 00:00:00'),(452,452,18,'2015-02-07 00:00:00'),(453,453,365,'2017-12-04 00:00:00'),(454,454,33,'2016-07-11 00:00:00'),(455,455,192,'2017-12-23 00:00:00'),(456,456,476,'2017-09-12 00:00:00'),(457,457,313,'2017-05-09 00:00:00'),(458,458,437,'2015-04-22 00:00:00'),(459,459,71,'2015-02-24 00:00:00'),(460,460,443,'2018-08-03 00:00:00'),(461,461,331,'2018-09-06 00:00:00'),(462,462,29,'2015-02-22 00:00:00'),(463,463,117,'2018-11-13 00:00:00'),(464,464,79,'2018-01-13 00:00:00'),(465,465,359,'2018-03-07 00:00:00'),(466,466,52,'2016-07-26 00:00:00'),(467,467,372,'2017-11-17 00:00:00'),(468,468,225,'2018-01-11 00:00:00'),(469,469,317,'2015-12-02 00:00:00'),(470,470,150,'2017-10-04 00:00:00'),(471,471,120,'2016-05-18 00:00:00'),(472,472,231,'2015-08-18 00:00:00'),(473,473,13,'2018-08-25 00:00:00'),(474,474,396,'2018-01-04 00:00:00'),(475,475,309,'2015-11-21 00:00:00'),(476,476,115,'2016-08-28 00:00:00'),(477,477,367,'2015-10-31 00:00:00'),(478,478,259,'2017-12-31 00:00:00'),(479,479,362,'2018-03-19 00:00:00'),(480,480,472,'2016-03-12 00:00:00'),(481,481,327,'2017-05-16 00:00:00'),(482,482,170,'2017-11-25 00:00:00'),(483,483,320,'2016-06-23 00:00:00'),(484,484,245,'2018-09-13 00:00:00'),(485,485,13,'2017-09-09 00:00:00'),(486,486,243,'2015-06-16 00:00:00'),(487,487,211,'2016-09-02 00:00:00'),(488,488,144,'2016-11-13 00:00:00'),(489,489,220,'2015-02-01 00:00:00'),(490,490,193,'2016-07-17 00:00:00'),(491,491,54,'2015-09-27 00:00:00'),(492,492,492,'2015-08-21 00:00:00'),(493,493,272,'2015-08-25 00:00:00'),(494,494,71,'2017-07-05 00:00:00'),(495,495,144,'2017-02-03 00:00:00'),(496,496,171,'2018-08-08 00:00:00'),(497,497,16,'2015-06-16 00:00:00'),(498,498,142,'2018-07-03 00:00:00'),(499,499,152,'2016-11-18 00:00:00'),(500,500,408,'2017-04-24 00:00:00'),(501,501,319,'2017-08-09 00:00:00'),(502,502,196,'2015-07-17 00:00:00'),(503,503,156,'2015-07-09 00:00:00'),(504,504,362,'2015-01-01 00:00:00'),(505,505,139,'2016-10-08 00:00:00'),(506,506,269,'2017-10-11 00:00:00'),(507,507,220,'2017-09-25 00:00:00'),(508,508,151,'2015-08-05 00:00:00'),(509,509,259,'2015-04-07 00:00:00'),(510,510,34,'2018-10-17 00:00:00'),(511,511,93,'2015-05-15 00:00:00'),(512,512,348,'2017-01-13 00:00:00'),(513,513,148,'2017-11-30 00:00:00'),(514,514,433,'2015-01-05 00:00:00'),(515,515,316,'2017-05-19 00:00:00'),(516,516,26,'2017-03-03 00:00:00'),(517,517,362,'2016-06-14 00:00:00'),(518,518,158,'2015-07-11 00:00:00'),(519,519,407,'2015-03-15 00:00:00'),(520,520,372,'2018-08-20 00:00:00'),(521,521,96,'2018-04-16 00:00:00'),(522,522,195,'2016-06-12 00:00:00'),(523,523,78,'2015-07-06 00:00:00'),(524,524,236,'2015-06-08 00:00:00'),(525,525,453,'2018-01-20 00:00:00'),(526,526,168,'2018-08-07 00:00:00'),(527,527,160,'2015-02-11 00:00:00'),(528,528,493,'2015-12-10 00:00:00'),(529,529,232,'2018-08-31 00:00:00'),(530,530,81,'2015-07-26 00:00:00'),(531,531,218,'2018-07-03 00:00:00'),(532,532,121,'2015-12-27 00:00:00'),(533,533,314,'2018-02-24 00:00:00'),(534,534,422,'2016-11-26 00:00:00'),(535,535,286,'2017-10-03 00:00:00'),(536,536,125,'2017-11-12 00:00:00'),(537,537,394,'2015-11-24 00:00:00'),(538,538,84,'2018-08-27 00:00:00'),(539,539,162,'2015-02-09 00:00:00'),(540,540,247,'2017-02-19 00:00:00'),(541,541,80,'2016-07-28 00:00:00'),(542,542,441,'2016-09-23 00:00:00'),(543,543,335,'2014-12-03 00:00:00'),(544,544,475,'2015-04-17 00:00:00'),(545,545,424,'2016-09-19 00:00:00'),(546,546,178,'2016-11-25 00:00:00'),(547,547,405,'2016-10-06 00:00:00'),(548,548,60,'2016-11-01 00:00:00'),(549,549,481,'2018-05-19 00:00:00'),(550,550,51,'2017-03-25 00:00:00'),(551,551,382,'2016-04-10 00:00:00'),(552,552,58,'2015-10-16 00:00:00'),(553,553,178,'2016-10-20 00:00:00'),(554,554,288,'2015-06-04 00:00:00'),(555,555,99,'2016-07-21 00:00:00'),(556,556,17,'2016-01-15 00:00:00'),(557,557,164,'2015-04-27 00:00:00'),(558,558,107,'2015-12-21 00:00:00'),(559,559,206,'2015-10-31 00:00:00'),(560,560,114,'2018-05-11 00:00:00'),(561,561,285,'2015-03-24 00:00:00'),(562,562,23,'2018-11-07 00:00:00'),(563,563,373,'2018-05-14 00:00:00'),(564,564,234,'2017-05-29 00:00:00'),(565,565,107,'2016-01-24 00:00:00'),(566,566,292,'2017-07-28 00:00:00'),(567,567,117,'2017-12-23 00:00:00'),(568,568,411,'2017-07-01 00:00:00'),(569,569,314,'2018-01-11 00:00:00'),(570,570,52,'2015-07-06 00:00:00'),(571,571,90,'2015-02-06 00:00:00'),(572,572,107,'2015-07-29 00:00:00'),(573,573,343,'2016-05-26 00:00:00'),(574,574,70,'2017-03-16 00:00:00'),(575,575,122,'2015-04-14 00:00:00'),(576,576,146,'2018-07-08 00:00:00'),(577,577,103,'2016-06-23 00:00:00'),(578,578,147,'2018-06-09 00:00:00'),(579,579,197,'2018-05-21 00:00:00'),(580,580,155,'2016-01-09 00:00:00'),(581,581,496,'2016-02-08 00:00:00'),(582,582,418,'2018-03-24 00:00:00'),(583,583,272,'2017-07-24 00:00:00'),(584,584,115,'2018-06-18 00:00:00'),(585,585,104,'2018-07-20 00:00:00'),(586,586,236,'2018-01-11 00:00:00'),(587,587,386,'2017-03-18 00:00:00'),(588,588,339,'2018-01-14 00:00:00'),(589,589,146,'2016-10-06 00:00:00'),(590,590,70,'2018-02-11 00:00:00'),(591,591,365,'2015-12-17 00:00:00'),(592,592,313,'2018-02-14 00:00:00'),(593,593,254,'2015-12-29 00:00:00'),(594,594,31,'2016-05-22 00:00:00'),(595,595,64,'2018-08-02 00:00:00'),(596,596,149,'2015-05-09 00:00:00'),(597,597,156,'2016-05-24 00:00:00'),(598,598,351,'2017-05-21 00:00:00'),(599,599,101,'2017-11-11 00:00:00'),(600,600,454,'2016-08-22 00:00:00'),(601,601,402,'2015-10-28 00:00:00'),(602,602,69,'2017-05-08 00:00:00'),(603,603,311,'2016-11-06 00:00:00'),(604,604,140,'2015-10-26 00:00:00'),(605,605,192,'2016-02-21 00:00:00'),(606,606,316,'2015-10-08 00:00:00'),(607,607,13,'2016-11-24 00:00:00'),(608,608,448,'2017-08-20 00:00:00'),(609,609,433,'2016-07-25 00:00:00'),(610,610,170,'2018-06-06 00:00:00'),(611,611,428,'2015-09-10 00:00:00'),(612,612,215,'2015-07-07 00:00:00'),(613,613,229,'2017-09-22 00:00:00'),(614,614,396,'2017-10-17 00:00:00'),(615,615,184,'2017-11-06 00:00:00'),(616,616,115,'2016-05-09 00:00:00'),(617,617,435,'2017-04-22 00:00:00'),(618,618,151,'2018-05-04 00:00:00'),(619,619,368,'2016-05-24 00:00:00'),(620,620,235,'2018-03-18 00:00:00'),(621,621,404,'2018-11-09 00:00:00'),(622,622,324,'2017-05-24 00:00:00'),(623,623,199,'2018-08-12 00:00:00'),(624,624,492,'2017-04-09 00:00:00'),(625,625,416,'2016-10-14 00:00:00'),(626,626,195,'2016-12-03 00:00:00'),(627,627,471,'2015-10-09 00:00:00'),(628,628,390,'2017-03-03 00:00:00'),(629,629,247,'2018-07-27 00:00:00'),(630,630,449,'2015-02-21 00:00:00'),(631,631,95,'2018-10-09 00:00:00'),(632,632,286,'2018-07-24 00:00:00'),(633,633,292,'2015-12-25 00:00:00'),(634,634,257,'2018-01-20 00:00:00'),(635,635,411,'2017-08-30 00:00:00'),(636,636,239,'2015-01-28 00:00:00'),(637,637,148,'2018-02-12 00:00:00'),(638,638,396,'2017-05-01 00:00:00'),(639,639,248,'2015-07-22 00:00:00'),(640,640,285,'2017-09-12 00:00:00'),(641,641,165,'2015-03-31 00:00:00'),(642,642,231,'2015-01-19 00:00:00'),(643,643,380,'2014-12-13 00:00:00'),(644,644,292,'2017-06-16 00:00:00'),(645,645,77,'2015-10-21 00:00:00'),(646,646,26,'2016-07-17 00:00:00'),(647,647,414,'2016-05-17 00:00:00'),(648,648,236,'2015-03-10 00:00:00'),(649,649,473,'2018-06-23 00:00:00'),(650,650,375,'2016-07-13 00:00:00'),(651,651,168,'2017-07-13 00:00:00'),(652,652,310,'2018-03-18 00:00:00'),(653,653,291,'2018-01-13 00:00:00'),(654,654,380,'2018-06-20 00:00:00'),(655,655,485,'2015-07-22 00:00:00'),(656,656,457,'2016-10-28 00:00:00'),(657,657,196,'2015-11-08 00:00:00'),(658,658,484,'2018-05-26 00:00:00'),(659,659,241,'2015-10-24 00:00:00'),(660,660,398,'2015-10-27 00:00:00'),(661,661,250,'2017-09-20 00:00:00'),(662,662,343,'2016-06-28 00:00:00'),(663,663,81,'2018-01-01 00:00:00'),(664,664,106,'2015-01-15 00:00:00'),(665,665,73,'2018-02-09 00:00:00'),(666,666,392,'2015-04-16 00:00:00'),(667,667,419,'2016-01-28 00:00:00'),(668,668,332,'2018-01-29 00:00:00'),(669,669,472,'2015-03-14 00:00:00'),(670,670,214,'2015-03-30 00:00:00'),(671,671,499,'2015-06-27 00:00:00'),(672,672,32,'2015-12-21 00:00:00'),(673,673,46,'2018-01-27 00:00:00'),(674,674,299,'2018-05-12 00:00:00'),(675,675,460,'2015-05-24 00:00:00'),(676,676,95,'2016-12-04 00:00:00'),(677,677,171,'2018-02-22 00:00:00'),(678,678,299,'2017-08-27 00:00:00'),(679,679,79,'2016-01-17 00:00:00'),(680,680,409,'2015-06-02 00:00:00'),(681,681,222,'2016-02-19 00:00:00'),(682,682,175,'2016-01-12 00:00:00'),(683,683,363,'2018-04-20 00:00:00'),(684,684,175,'2016-11-16 00:00:00'),(685,685,53,'2017-11-22 00:00:00'),(686,686,55,'2018-01-23 00:00:00'),(687,687,67,'2018-02-06 00:00:00'),(688,688,129,'2015-01-29 00:00:00'),(689,689,161,'2016-07-19 00:00:00'),(690,690,333,'2016-02-17 00:00:00'),(691,691,278,'2018-04-24 00:00:00'),(692,692,271,'2018-06-12 00:00:00'),(693,693,336,'2015-04-12 00:00:00'),(694,694,210,'2018-01-17 00:00:00'),(695,695,39,'2015-09-13 00:00:00'),(696,696,51,'2017-12-09 00:00:00'),(697,697,199,'2016-07-03 00:00:00'),(698,698,22,'2017-03-04 00:00:00'),(699,699,84,'2017-01-18 00:00:00'),(700,700,339,'2018-09-12 00:00:00'),(701,701,153,'2015-01-28 00:00:00'),(702,702,199,'2015-04-20 00:00:00'),(703,703,413,'2015-11-17 00:00:00'),(704,704,367,'2018-05-07 00:00:00'),(705,705,289,'2018-07-30 00:00:00'),(706,706,407,'2018-02-01 00:00:00'),(707,707,171,'2017-01-31 00:00:00'),(708,708,85,'2015-10-19 00:00:00'),(709,709,462,'2015-10-24 00:00:00'),(710,710,55,'2016-04-15 00:00:00'),(711,711,322,'2015-02-06 00:00:00'),(712,712,433,'2018-07-21 00:00:00'),(713,713,337,'2016-05-03 00:00:00'),(714,714,491,'2017-11-01 00:00:00'),(715,715,407,'2017-09-02 00:00:00'),(716,716,60,'2016-02-16 00:00:00'),(717,717,369,'2015-07-03 00:00:00'),(718,718,204,'2016-05-15 00:00:00'),(719,719,61,'2016-01-07 00:00:00'),(720,720,381,'2016-09-08 00:00:00'),(721,721,291,'2018-09-24 00:00:00'),(722,722,90,'2017-03-13 00:00:00'),(723,723,25,'2015-07-15 00:00:00'),(724,724,309,'2018-09-11 00:00:00'),(725,725,132,'2016-02-10 00:00:00'),(726,726,28,'2017-11-03 00:00:00'),(727,727,60,'2017-07-10 00:00:00'),(728,728,221,'2016-02-15 00:00:00'),(729,729,215,'2014-12-21 00:00:00'),(730,730,466,'2017-09-23 00:00:00'),(731,731,411,'2017-05-11 00:00:00'),(732,732,244,'2015-09-29 00:00:00'),(733,733,66,'2015-05-22 00:00:00'),(734,734,81,'2017-08-13 00:00:00'),(735,735,139,'2015-08-14 00:00:00'),(736,736,218,'2018-05-31 00:00:00'),(737,737,173,'2016-11-10 00:00:00'),(738,738,270,'2016-11-17 00:00:00'),(739,739,487,'2015-11-16 00:00:00'),(740,740,137,'2017-11-07 00:00:00'),(741,741,342,'2015-05-30 00:00:00'),(742,742,68,'2018-09-05 00:00:00'),(743,743,18,'2018-03-19 00:00:00'),(744,744,325,'2017-03-06 00:00:00'),(745,745,66,'2018-02-13 00:00:00'),(746,746,76,'2017-03-05 00:00:00'),(747,747,150,'2017-09-07 00:00:00'),(748,748,418,'2017-05-25 00:00:00'),(749,749,149,'2015-03-30 00:00:00'),(750,750,478,'2017-05-06 00:00:00'),(751,751,411,'2016-10-05 00:00:00'),(752,752,99,'2015-02-09 00:00:00'),(753,753,179,'2015-03-10 00:00:00'),(754,754,92,'2015-11-17 00:00:00'),(755,755,453,'2016-01-06 00:00:00'),(756,756,242,'2017-11-19 00:00:00'),(757,757,174,'2018-06-18 00:00:00'),(758,758,322,'2018-03-31 00:00:00'),(759,759,389,'2015-06-21 00:00:00'),(760,760,69,'2015-05-20 00:00:00'),(761,761,429,'2017-12-25 00:00:00'),(762,762,435,'2015-12-20 00:00:00'),(763,763,145,'2016-12-09 00:00:00'),(764,764,255,'2017-08-25 00:00:00'),(765,765,236,'2018-11-15 00:00:00'),(766,766,244,'2017-11-26 00:00:00'),(767,767,360,'2017-07-04 00:00:00'),(768,768,442,'2015-05-25 00:00:00'),(769,769,326,'2017-05-06 00:00:00'),(770,770,43,'2018-03-12 00:00:00'),(771,771,318,'2016-03-29 00:00:00'),(772,772,137,'2018-05-04 00:00:00'),(773,773,256,'2016-09-28 00:00:00'),(774,774,200,'2016-06-19 00:00:00'),(775,775,254,'2016-11-11 00:00:00'),(776,776,430,'2017-04-04 00:00:00'),(777,777,438,'2018-05-04 00:00:00'),(778,778,290,'2016-08-20 00:00:00'),(779,779,345,'2016-02-01 00:00:00'),(780,780,48,'2018-09-12 00:00:00'),(781,781,187,'2016-05-05 00:00:00'),(782,782,308,'2015-09-16 00:00:00'),(783,783,349,'2018-04-04 00:00:00'),(784,784,403,'2018-09-12 00:00:00'),(785,785,348,'2018-03-21 00:00:00'),(786,786,94,'2016-08-29 00:00:00'),(787,787,126,'2017-11-28 00:00:00'),(788,788,238,'2015-11-27 00:00:00'),(789,789,24,'2015-10-30 00:00:00'),(790,790,330,'2018-03-06 00:00:00'),(791,791,198,'2017-08-07 00:00:00'),(792,792,500,'2017-05-26 00:00:00'),(793,793,458,'2015-04-22 00:00:00'),(794,794,331,'2017-07-26 00:00:00'),(795,795,129,'2016-06-15 00:00:00'),(796,796,204,'2018-08-18 00:00:00'),(797,797,33,'2018-04-01 00:00:00'),(798,798,80,'2015-09-15 00:00:00'),(799,799,492,'2018-06-17 00:00:00'),(800,800,38,'2018-05-10 00:00:00'),(801,801,433,'2017-10-08 00:00:00'),(802,802,97,'2018-02-13 00:00:00'),(803,803,373,'2015-06-29 00:00:00'),(804,804,180,'2015-02-14 00:00:00'),(805,805,292,'2018-09-13 00:00:00'),(806,806,388,'2015-04-04 00:00:00'),(807,807,245,'2018-01-27 00:00:00'),(808,808,364,'2016-03-25 00:00:00'),(809,809,368,'2018-08-14 00:00:00'),(810,810,395,'2015-06-11 00:00:00'),(811,811,144,'2018-11-11 00:00:00'),(812,812,67,'2016-06-10 00:00:00'),(813,813,293,'2018-05-01 00:00:00'),(814,814,69,'2017-01-14 00:00:00'),(815,815,351,'2018-02-22 00:00:00'),(816,816,359,'2015-08-03 00:00:00'),(817,817,167,'2015-10-22 00:00:00'),(818,818,100,'2016-04-09 00:00:00'),(819,819,486,'2018-01-29 00:00:00'),(820,820,412,'2015-12-18 00:00:00'),(821,821,134,'2016-09-12 00:00:00'),(822,822,198,'2016-11-26 00:00:00'),(823,823,123,'2015-12-07 00:00:00'),(824,824,74,'2016-07-09 00:00:00'),(825,825,76,'2016-09-11 00:00:00'),(826,826,457,'2015-03-31 00:00:00'),(827,827,359,'2018-03-01 00:00:00'),(828,828,239,'2015-04-01 00:00:00'),(829,829,408,'2016-11-15 00:00:00'),(830,830,391,'2015-06-07 00:00:00'),(831,831,460,'2018-10-23 00:00:00'),(832,832,250,'2017-11-19 00:00:00'),(833,833,473,'2015-01-04 00:00:00'),(834,834,478,'2016-10-09 00:00:00'),(835,835,366,'2017-07-29 00:00:00'),(836,836,63,'2018-10-26 00:00:00'),(837,837,133,'2016-11-22 00:00:00'),(838,838,361,'2016-11-19 00:00:00'),(839,839,394,'2014-12-17 00:00:00'),(840,840,64,'2016-06-08 00:00:00'),(841,841,498,'2015-09-20 00:00:00'),(842,842,410,'2017-04-09 00:00:00'),(843,843,433,'2017-02-26 00:00:00'),(844,844,298,'2018-04-08 00:00:00'),(845,845,358,'2015-03-24 00:00:00'),(846,846,27,'2016-12-31 00:00:00'),(847,847,207,'2014-11-21 00:00:00'),(848,848,254,'2018-11-17 00:00:00'),(849,849,212,'2016-12-01 00:00:00'),(850,850,40,'2017-05-07 00:00:00'),(851,851,118,'2016-06-06 00:00:00'),(852,852,157,'2018-09-13 00:00:00'),(853,853,127,'2018-09-23 00:00:00'),(854,854,487,'2016-08-23 00:00:00'),(855,855,491,'2015-05-13 00:00:00'),(856,856,256,'2015-11-04 00:00:00'),(857,857,434,'2014-12-16 00:00:00'),(858,858,166,'2018-05-09 00:00:00'),(859,859,345,'2015-12-06 00:00:00'),(860,860,237,'2018-04-09 00:00:00'),(861,861,274,'2018-10-11 00:00:00'),(862,862,421,'2018-11-16 00:00:00'),(863,863,81,'2015-11-10 00:00:00'),(864,864,464,'2015-12-18 00:00:00'),(865,865,113,'2018-01-14 00:00:00'),(866,866,22,'2016-01-23 00:00:00'),(867,867,487,'2017-02-04 00:00:00'),(868,868,394,'2018-07-25 00:00:00'),(869,869,416,'2016-02-11 00:00:00'),(870,870,262,'2018-08-17 00:00:00'),(871,871,350,'2016-06-27 00:00:00'),(872,872,237,'2015-05-29 00:00:00'),(873,873,37,'2017-08-19 00:00:00'),(874,874,330,'2018-11-06 00:00:00'),(875,875,306,'2017-02-26 00:00:00'),(876,876,311,'2017-06-13 00:00:00'),(877,877,47,'2015-02-25 00:00:00'),(878,878,329,'2018-09-29 00:00:00'),(879,879,425,'2018-03-05 00:00:00'),(880,880,218,'2018-10-22 00:00:00'),(881,881,466,'2015-06-11 00:00:00'),(882,882,189,'2017-06-12 00:00:00'),(883,883,153,'2017-06-24 00:00:00'),(884,884,363,'2016-04-08 00:00:00'),(885,885,374,'2018-04-17 00:00:00'),(886,886,276,'2015-01-13 00:00:00'),(887,887,187,'2015-11-19 00:00:00'),(888,888,491,'2017-03-04 00:00:00'),(889,889,308,'2017-08-07 00:00:00'),(890,890,371,'2018-03-11 00:00:00'),(891,891,187,'2018-03-12 00:00:00'),(892,892,237,'2015-07-01 00:00:00'),(893,893,434,'2016-06-30 00:00:00'),(894,894,317,'2015-12-31 00:00:00'),(895,895,450,'2015-05-06 00:00:00'),(896,896,270,'2017-05-19 00:00:00'),(897,897,21,'2018-05-13 00:00:00'),(898,898,117,'2015-08-10 00:00:00'),(899,899,367,'2017-10-29 00:00:00'),(900,900,470,'2016-07-11 00:00:00'),(901,901,280,'2016-05-16 00:00:00'),(902,902,380,'2016-10-23 00:00:00'),(903,903,284,'2016-11-04 00:00:00'),(904,904,182,'2018-05-05 00:00:00'),(905,905,47,'2018-01-26 00:00:00'),(906,906,394,'2015-07-07 00:00:00'),(907,907,366,'2017-05-28 00:00:00'),(908,908,139,'2017-01-22 00:00:00'),(909,909,340,'2018-09-06 00:00:00'),(910,910,431,'2017-02-26 00:00:00'),(911,911,391,'2015-09-01 00:00:00'),(912,912,71,'2016-04-21 00:00:00'),(913,913,215,'2016-09-16 00:00:00'),(914,914,185,'2016-10-06 00:00:00'),(915,915,409,'2016-02-02 00:00:00'),(916,916,69,'2015-11-02 00:00:00'),(917,917,84,'2015-08-02 00:00:00'),(918,918,78,'2016-06-19 00:00:00'),(919,919,174,'2016-08-20 00:00:00'),(920,920,484,'2018-04-13 00:00:00'),(921,921,321,'2018-01-02 00:00:00'),(922,922,64,'2015-02-19 00:00:00'),(923,923,327,'2015-05-21 00:00:00'),(924,924,375,'2017-04-12 00:00:00'),(925,925,167,'2018-10-23 00:00:00'),(926,926,178,'2015-09-18 00:00:00'),(927,927,306,'2015-07-29 00:00:00'),(928,928,377,'2015-07-26 00:00:00'),(929,929,159,'2014-12-17 00:00:00'),(930,930,191,'2018-08-31 00:00:00'),(931,931,106,'2018-01-03 00:00:00'),(932,932,388,'2015-07-01 00:00:00'),(933,933,127,'2017-01-21 00:00:00'),(934,934,127,'2016-05-08 00:00:00'),(935,935,317,'2018-10-19 00:00:00'),(936,936,438,'2016-03-03 00:00:00'),(937,937,478,'2018-09-08 00:00:00'),(938,938,406,'2018-04-26 00:00:00'),(939,939,319,'2018-07-14 00:00:00'),(940,940,328,'2017-09-23 00:00:00'),(941,941,461,'2017-07-26 00:00:00'),(942,942,24,'2017-10-04 00:00:00'),(943,943,143,'2014-12-20 00:00:00'),(944,944,182,'2015-02-05 00:00:00'),(945,945,360,'2014-12-02 00:00:00'),(946,946,119,'2015-07-15 00:00:00'),(947,947,16,'2015-12-01 00:00:00'),(948,948,292,'2015-12-08 00:00:00'),(949,949,249,'2016-08-03 00:00:00'),(950,950,226,'2017-05-09 00:00:00'),(951,951,240,'2015-11-25 00:00:00'),(952,952,308,'2016-08-18 00:00:00'),(953,953,306,'2017-09-22 00:00:00'),(954,954,127,'2018-11-16 00:00:00'),(955,955,388,'2015-01-16 00:00:00'),(956,956,164,'2016-10-18 00:00:00'),(957,957,152,'2016-04-24 00:00:00'),(958,958,134,'2015-05-12 00:00:00'),(959,959,347,'2017-07-13 00:00:00'),(960,960,250,'2015-03-03 00:00:00'),(961,961,395,'2016-11-25 00:00:00'),(962,962,467,'2018-10-10 00:00:00'),(963,963,406,'2017-05-11 00:00:00'),(964,964,403,'2016-08-08 00:00:00'),(965,965,109,'2016-02-11 00:00:00'),(966,966,60,'2016-01-08 00:00:00'),(967,967,369,'2017-02-03 00:00:00'),(968,968,184,'2017-08-07 00:00:00'),(969,969,83,'2016-04-22 00:00:00'),(970,970,202,'2016-05-04 00:00:00'),(971,971,350,'2017-08-13 00:00:00'),(972,972,267,'2014-12-15 00:00:00'),(973,973,81,'2018-03-09 00:00:00'),(974,974,172,'2016-10-28 00:00:00'),(975,975,361,'2017-01-09 00:00:00'),(976,976,231,'2016-02-17 00:00:00'),(977,977,233,'2018-03-07 00:00:00'),(978,978,311,'2015-06-27 00:00:00'),(979,979,460,'2017-11-24 00:00:00'),(980,980,388,'2017-01-21 00:00:00'),(981,981,380,'2015-11-15 00:00:00'),(982,982,372,'2016-11-18 00:00:00'),(983,983,500,'2015-05-04 00:00:00'),(984,984,346,'2018-10-20 00:00:00'),(985,985,247,'2017-04-06 00:00:00'),(986,986,267,'2018-03-04 00:00:00'),(987,987,348,'2017-07-04 00:00:00'),(988,988,323,'2016-04-11 00:00:00'),(989,989,67,'2016-06-14 00:00:00'),(990,990,234,'2016-09-25 00:00:00'),(991,991,217,'2015-03-13 00:00:00'),(992,992,306,'2015-05-14 00:00:00'),(993,993,331,'2015-07-27 00:00:00'),(994,994,254,'2015-05-21 00:00:00'),(995,995,428,'2016-08-01 00:00:00'),(996,996,168,'2016-02-01 00:00:00'),(997,997,96,'2017-08-03 00:00:00'),(998,998,98,'2015-03-20 00:00:00'),(999,999,13,'2015-06-08 00:00:00'),(1001,1,30,'2015-01-21 00:00:00'),(1002,2,241,'2017-08-26 00:00:00'),(1003,3,376,'2016-01-27 00:00:00'),(1004,4,136,'2018-08-11 00:00:00'),(1005,5,99,'2015-04-27 00:00:00'),(1006,6,257,'2015-05-06 00:00:00'),(1007,7,258,'2015-07-02 00:00:00'),(1008,8,51,'2018-03-08 00:00:00'),(1009,9,134,'2017-07-01 00:00:00'),(1010,10,441,'2016-05-31 00:00:00'),(1011,11,488,'2018-01-02 00:00:00'),(1012,12,80,'2018-08-18 00:00:00'),(1013,13,418,'2017-06-04 00:00:00'),(1014,14,337,'2016-09-19 00:00:00'),(1015,15,208,'2017-05-06 00:00:00'),(1016,16,402,'2018-03-16 00:00:00'),(1017,17,310,'2015-12-08 00:00:00'),(1018,18,85,'2014-12-15 00:00:00'),(1019,19,260,'2017-09-01 00:00:00'),(1020,20,219,'2015-02-19 00:00:00'),(1021,21,135,'2018-01-01 00:00:00'),(1022,22,472,'2017-01-21 00:00:00'),(1023,23,25,'2015-12-12 00:00:00'),(1024,24,244,'2015-08-25 00:00:00'),(1025,25,16,'2016-10-20 00:00:00'),(1026,26,138,'2015-05-28 00:00:00'),(1027,27,470,'2016-01-10 00:00:00'),(1028,28,204,'2015-06-21 00:00:00'),(1029,29,406,'2016-11-10 00:00:00'),(1030,30,14,'2014-12-22 00:00:00'),(1031,31,47,'2016-01-22 00:00:00'),(1032,32,126,'2016-10-06 00:00:00'),(1033,33,23,'2015-05-14 00:00:00'),(1034,34,433,'2014-12-19 00:00:00'),(1035,35,261,'2016-11-09 00:00:00'),(1036,36,180,'2017-03-20 00:00:00'),(1037,37,245,'2015-07-12 00:00:00'),(1038,38,180,'2018-08-24 00:00:00'),(1039,39,377,'2016-11-10 00:00:00'),(1040,40,134,'2018-01-10 00:00:00'),(1041,41,234,'2018-06-20 00:00:00'),(1042,42,30,'2017-07-30 00:00:00'),(1043,43,132,'2017-01-16 00:00:00'),(1044,44,163,'2018-07-03 00:00:00'),(1045,45,87,'2017-01-03 00:00:00'),(1046,46,15,'2016-12-07 00:00:00'),(1047,47,147,'2018-02-10 00:00:00'),(1048,48,476,'2018-09-27 00:00:00'),(1049,49,396,'2015-03-07 00:00:00'),(1050,50,258,'2015-11-22 00:00:00'),(1051,51,252,'2017-08-30 00:00:00'),(1052,52,225,'2016-11-10 00:00:00'),(1053,53,384,'2016-06-18 00:00:00'),(1054,54,490,'2015-06-24 00:00:00'),(1055,55,314,'2015-03-08 00:00:00'),(1056,56,440,'2015-03-27 00:00:00'),(1057,57,226,'2016-08-19 00:00:00'),(1058,58,70,'2015-12-06 00:00:00'),(1059,59,192,'2016-01-03 00:00:00'),(1060,60,280,'2017-11-18 00:00:00'),(1061,61,65,'2017-12-05 00:00:00'),(1062,62,299,'2014-12-30 00:00:00'),(1063,63,240,'2014-11-21 00:00:00'),(1064,64,377,'2017-05-26 00:00:00'),(1065,65,270,'2017-08-10 00:00:00'),(1066,66,487,'2015-02-12 00:00:00'),(1067,67,482,'2018-05-12 00:00:00'),(1068,68,38,'2015-12-29 00:00:00'),(1069,69,184,'2016-09-27 00:00:00'),(1070,70,199,'2018-10-26 00:00:00'),(1071,71,82,'2017-12-01 00:00:00'),(1072,72,23,'2016-01-11 00:00:00'),(1073,73,173,'2015-11-16 00:00:00'),(1074,74,394,'2017-02-02 00:00:00'),(1075,75,297,'2016-01-11 00:00:00'),(1076,76,353,'2018-01-22 00:00:00'),(1077,77,232,'2018-08-02 00:00:00'),(1078,78,408,'2016-04-07 00:00:00'),(1079,79,232,'2015-05-16 00:00:00'),(1080,80,195,'2015-07-03 00:00:00'),(1081,81,492,'2015-04-18 00:00:00'),(1082,82,465,'2015-05-20 00:00:00'),(1083,83,415,'2018-04-18 00:00:00'),(1084,84,175,'2016-01-04 00:00:00'),(1085,85,260,'2016-09-07 00:00:00'),(1086,86,387,'2016-09-09 00:00:00'),(1087,87,156,'2017-05-07 00:00:00'),(1088,88,438,'2016-12-14 00:00:00'),(1089,89,492,'2014-12-25 00:00:00'),(1090,90,124,'2018-02-09 00:00:00'),(1091,91,254,'2018-01-16 00:00:00'),(1092,92,386,'2018-09-23 00:00:00'),(1093,93,185,'2017-05-15 00:00:00'),(1094,94,393,'2015-07-24 00:00:00'),(1095,95,418,'2016-04-19 00:00:00'),(1096,96,22,'2017-09-17 00:00:00'),(1097,97,272,'2017-06-08 00:00:00'),(1098,98,101,'2017-02-09 00:00:00'),(1099,99,399,'2018-02-06 00:00:00'),(1100,100,347,'2018-06-14 00:00:00'),(1101,101,365,'2018-03-28 00:00:00'),(1102,102,53,'2015-11-13 00:00:00'),(1103,103,109,'2016-04-03 00:00:00'),(1104,104,498,'2017-11-30 00:00:00'),(1105,105,319,'2017-10-31 00:00:00'),(1106,106,114,'2017-09-24 00:00:00'),(1107,107,446,'2018-07-17 00:00:00'),(1108,108,63,'2016-06-05 00:00:00'),(1109,109,267,'2015-08-26 00:00:00'),(1110,110,333,'2015-05-04 00:00:00'),(1111,111,227,'2016-01-18 00:00:00'),(1112,112,387,'2015-08-24 00:00:00'),(1113,113,125,'2015-01-09 00:00:00'),(1114,114,411,'2018-02-25 00:00:00'),(1115,115,401,'2015-07-31 00:00:00'),(1116,116,427,'2015-07-28 00:00:00'),(1117,117,493,'2015-05-21 00:00:00'),(1118,118,370,'2016-03-04 00:00:00'),(1119,119,353,'2014-12-10 00:00:00'),(1120,120,221,'2016-02-18 00:00:00'),(1121,121,210,'2016-07-14 00:00:00'),(1122,122,427,'2015-03-19 00:00:00'),(1123,123,221,'2018-09-09 00:00:00'),(1124,124,401,'2014-12-24 00:00:00'),(1125,125,388,'2017-07-04 00:00:00'),(1126,126,242,'2015-04-10 00:00:00'),(1127,127,391,'2016-06-29 00:00:00'),(1128,128,354,'2015-11-01 00:00:00'),(1129,129,328,'2017-02-19 00:00:00'),(1130,130,334,'2015-10-01 00:00:00'),(1131,131,191,'2017-09-12 00:00:00'),(1132,132,411,'2017-06-27 00:00:00'),(1133,133,323,'2017-08-30 00:00:00'),(1134,134,150,'2017-08-24 00:00:00'),(1135,135,195,'2015-03-14 00:00:00'),(1136,136,52,'2018-05-25 00:00:00'),(1137,137,122,'2017-05-11 00:00:00'),(1138,138,236,'2017-03-19 00:00:00'),(1139,139,270,'2015-08-24 00:00:00'),(1140,140,336,'2018-08-04 00:00:00'),(1141,141,142,'2015-09-14 00:00:00'),(1142,142,157,'2017-12-03 00:00:00'),(1143,143,36,'2018-06-29 00:00:00'),(1144,144,160,'2016-02-02 00:00:00'),(1145,145,486,'2018-06-09 00:00:00'),(1146,146,295,'2016-07-21 00:00:00'),(1147,147,65,'2017-12-01 00:00:00'),(1148,148,420,'2017-04-19 00:00:00'),(1149,149,60,'2015-10-18 00:00:00'),(1150,150,413,'2017-05-27 00:00:00'),(1151,151,76,'2018-02-23 00:00:00'),(1152,152,184,'2015-04-02 00:00:00'),(1153,153,412,'2015-12-26 00:00:00'),(1154,154,455,'2017-11-24 00:00:00'),(1155,155,292,'2016-01-18 00:00:00'),(1156,156,278,'2016-02-11 00:00:00'),(1157,157,54,'2017-05-15 00:00:00'),(1158,158,103,'2017-04-27 00:00:00'),(1159,159,321,'2018-03-13 00:00:00'),(1160,160,280,'2017-07-30 00:00:00'),(1161,161,447,'2014-12-25 00:00:00'),(1162,162,297,'2014-12-25 00:00:00'),(1163,163,161,'2015-04-30 00:00:00'),(1164,164,145,'2016-09-23 00:00:00'),(1165,165,326,'2017-07-09 00:00:00'),(1166,166,349,'2016-03-08 00:00:00'),(1167,167,412,'2018-07-06 00:00:00'),(1168,168,117,'2017-02-28 00:00:00'),(1169,169,38,'2018-06-12 00:00:00'),(1170,170,65,'2015-06-22 00:00:00'),(1171,171,59,'2016-12-06 00:00:00'),(1172,172,431,'2016-09-22 00:00:00'),(1173,173,128,'2014-12-06 00:00:00'),(1174,174,89,'2017-10-02 00:00:00'),(1175,175,491,'2018-08-04 00:00:00'),(1176,176,422,'2015-11-03 00:00:00'),(1177,177,450,'2018-02-24 00:00:00'),(1178,178,443,'2016-04-02 00:00:00'),(1179,179,205,'2018-07-09 00:00:00'),(1180,180,136,'2018-05-23 00:00:00'),(1181,181,489,'2016-02-08 00:00:00'),(1182,182,50,'2015-08-07 00:00:00'),(1183,183,371,'2018-11-17 00:00:00'),(1184,184,465,'2017-11-10 00:00:00'),(1185,185,470,'2018-04-08 00:00:00'),(1186,186,431,'2014-12-14 00:00:00'),(1187,187,224,'2015-05-06 00:00:00'),(1188,188,194,'2015-05-03 00:00:00'),(1189,189,477,'2017-05-01 00:00:00'),(1190,190,453,'2017-03-03 00:00:00'),(1191,191,168,'2017-10-16 00:00:00'),(1192,192,325,'2017-01-07 00:00:00'),(1193,193,419,'2016-09-19 00:00:00'),(1194,194,246,'2017-05-11 00:00:00'),(1195,195,323,'2016-04-20 00:00:00'),(1196,196,360,'2018-06-21 00:00:00'),(1197,197,467,'2016-06-30 00:00:00'),(1198,198,394,'2015-04-06 00:00:00'),(1199,199,444,'2017-06-26 00:00:00'),(1200,200,134,'2016-08-20 00:00:00'),(1201,201,287,'2017-09-07 00:00:00'),(1202,202,363,'2017-09-09 00:00:00'),(1203,203,120,'2015-05-25 00:00:00'),(1204,204,157,'2015-01-26 00:00:00'),(1205,205,325,'2017-09-29 00:00:00'),(1206,206,365,'2017-03-24 00:00:00'),(1207,207,471,'2016-08-09 00:00:00'),(1208,208,325,'2018-01-27 00:00:00'),(1209,209,289,'2018-05-26 00:00:00'),(1210,210,406,'2017-01-02 00:00:00'),(1211,211,254,'2017-06-06 00:00:00'),(1212,212,271,'2017-03-08 00:00:00'),(1213,213,139,'2017-10-26 00:00:00'),(1214,214,320,'2017-06-15 00:00:00'),(1215,215,298,'2015-01-16 00:00:00'),(1216,216,105,'2018-03-11 00:00:00'),(1217,217,97,'2017-04-08 00:00:00'),(1218,218,71,'2018-10-17 00:00:00'),(1219,219,185,'2018-08-03 00:00:00'),(1220,220,61,'2016-11-18 00:00:00'),(1221,221,401,'2015-08-01 00:00:00'),(1222,222,346,'2018-04-03 00:00:00'),(1223,223,177,'2014-12-08 00:00:00'),(1224,224,38,'2018-09-27 00:00:00'),(1225,225,54,'2017-10-10 00:00:00'),(1226,226,205,'2017-07-10 00:00:00'),(1227,227,414,'2016-08-26 00:00:00'),(1228,228,83,'2018-07-08 00:00:00'),(1229,229,338,'2017-02-10 00:00:00'),(1230,230,68,'2016-07-13 00:00:00'),(1231,231,419,'2015-10-02 00:00:00'),(1232,232,61,'2018-08-06 00:00:00'),(1233,233,381,'2016-10-02 00:00:00'),(1234,234,57,'2018-06-04 00:00:00'),(1235,235,260,'2017-05-01 00:00:00'),(1236,236,186,'2017-08-17 00:00:00'),(1237,237,398,'2017-02-05 00:00:00'),(1238,238,365,'2017-10-05 00:00:00'),(1239,239,376,'2018-09-24 00:00:00'),(1240,240,444,'2016-07-13 00:00:00'),(1241,241,458,'2018-11-13 00:00:00'),(1242,242,495,'2016-12-15 00:00:00'),(1243,243,369,'2017-07-19 00:00:00'),(1244,244,494,'2016-06-21 00:00:00'),(1245,245,118,'2015-05-18 00:00:00'),(1246,246,232,'2017-11-17 00:00:00'),(1247,247,351,'2017-04-04 00:00:00'),(1248,248,200,'2018-02-14 00:00:00'),(1249,249,36,'2015-08-17 00:00:00'),(1250,250,44,'2015-02-07 00:00:00'),(1251,251,148,'2016-05-30 00:00:00'),(1252,252,103,'2018-11-09 00:00:00'),(1253,253,390,'2014-12-16 00:00:00'),(1254,254,281,'2016-04-05 00:00:00'),(1255,255,387,'2016-02-02 00:00:00'),(1256,256,481,'2015-04-15 00:00:00'),(1257,257,312,'2017-05-20 00:00:00'),(1258,258,65,'2016-07-04 00:00:00'),(1259,259,393,'2016-08-05 00:00:00'),(1260,260,139,'2015-04-04 00:00:00'),(1261,261,321,'2015-06-20 00:00:00'),(1262,262,85,'2014-12-30 00:00:00'),(1263,263,253,'2015-10-11 00:00:00'),(1264,264,292,'2015-01-12 00:00:00'),(1265,265,173,'2017-11-24 00:00:00'),(1266,266,376,'2016-09-07 00:00:00'),(1267,267,27,'2018-05-26 00:00:00'),(1268,268,106,'2017-09-10 00:00:00'),(1269,269,261,'2015-02-02 00:00:00'),(1270,270,305,'2017-07-24 00:00:00'),(1271,271,200,'2018-08-09 00:00:00'),(1272,272,391,'2015-11-27 00:00:00'),(1273,273,194,'2017-12-24 00:00:00'),(1274,274,195,'2018-06-06 00:00:00'),(1275,275,444,'2016-06-05 00:00:00'),(1276,276,212,'2015-08-14 00:00:00'),(1277,277,156,'2018-10-18 00:00:00'),(1278,278,295,'2017-11-27 00:00:00'),(1279,279,273,'2017-02-08 00:00:00'),(1280,280,467,'2016-12-08 00:00:00'),(1281,281,40,'2016-04-07 00:00:00'),(1282,282,500,'2016-08-18 00:00:00'),(1283,283,325,'2018-03-05 00:00:00'),(1284,284,90,'2016-04-01 00:00:00'),(1285,285,455,'2016-01-24 00:00:00'),(1286,286,107,'2015-05-31 00:00:00'),(1287,287,130,'2017-05-22 00:00:00'),(1288,288,26,'2015-09-03 00:00:00'),(1289,289,330,'2015-06-06 00:00:00'),(1290,290,411,'2018-06-04 00:00:00'),(1291,291,373,'2017-10-21 00:00:00'),(1292,292,336,'2016-08-22 00:00:00'),(1293,293,197,'2015-11-17 00:00:00'),(1294,294,74,'2015-04-06 00:00:00'),(1295,295,356,'2017-01-20 00:00:00'),(1296,296,356,'2016-07-25 00:00:00'),(1297,297,56,'2017-10-02 00:00:00'),(1298,298,76,'2018-02-04 00:00:00'),(1299,299,475,'2017-02-08 00:00:00'),(1300,300,60,'2016-09-30 00:00:00'),(1301,301,139,'2018-01-23 00:00:00'),(1302,302,54,'2016-06-24 00:00:00'),(1303,303,359,'2015-05-05 00:00:00'),(1304,304,305,'2016-01-30 00:00:00'),(1305,305,100,'2017-01-01 00:00:00'),(1306,306,312,'2017-11-16 00:00:00'),(1307,307,458,'2016-10-28 00:00:00'),(1308,308,228,'2018-02-04 00:00:00'),(1309,309,74,'2015-03-07 00:00:00'),(1310,310,138,'2015-09-29 00:00:00'),(1311,311,63,'2016-11-14 00:00:00'),(1312,312,46,'2017-05-10 00:00:00'),(1313,313,27,'2017-11-02 00:00:00'),(1314,314,71,'2015-06-12 00:00:00'),(1315,315,483,'2016-01-04 00:00:00'),(1316,316,104,'2018-05-17 00:00:00'),(1317,317,82,'2018-07-01 00:00:00'),(1318,318,242,'2018-03-07 00:00:00'),(1319,319,167,'2015-12-03 00:00:00'),(1320,320,103,'2018-10-25 00:00:00'),(1321,321,95,'2015-09-28 00:00:00'),(1322,322,256,'2018-10-24 00:00:00'),(1323,323,168,'2015-11-07 00:00:00'),(1324,324,231,'2015-06-09 00:00:00'),(1325,325,91,'2015-02-16 00:00:00'),(1326,326,349,'2015-08-10 00:00:00'),(1327,327,498,'2015-04-22 00:00:00'),(1328,328,359,'2016-06-15 00:00:00'),(1329,329,238,'2016-07-03 00:00:00'),(1330,330,100,'2018-06-08 00:00:00'),(1331,331,75,'2015-01-13 00:00:00'),(1332,332,60,'2017-07-23 00:00:00'),(1333,333,447,'2017-01-06 00:00:00'),(1334,334,45,'2017-03-13 00:00:00'),(1335,335,30,'2018-10-10 00:00:00'),(1336,336,192,'2017-11-18 00:00:00'),(1337,337,445,'2016-01-19 00:00:00'),(1338,338,181,'2015-11-17 00:00:00'),(1339,339,62,'2018-04-26 00:00:00'),(1340,340,91,'2015-04-02 00:00:00'),(1341,341,416,'2015-03-27 00:00:00'),(1342,342,473,'2014-12-24 00:00:00'),(1343,343,353,'2016-12-07 00:00:00'),(1344,344,19,'2016-10-18 00:00:00'),(1345,345,498,'2015-06-09 00:00:00'),(1346,346,153,'2018-09-16 00:00:00'),(1347,347,70,'2018-10-17 00:00:00'),(1348,348,297,'2015-02-05 00:00:00'),(1349,349,184,'2015-06-22 00:00:00'),(1350,350,500,'2017-04-20 00:00:00'),(1351,351,239,'2017-11-23 00:00:00'),(1352,352,230,'2017-05-20 00:00:00'),(1353,353,316,'2017-12-30 00:00:00'),(1354,354,203,'2016-08-26 00:00:00'),(1355,355,209,'2017-10-21 00:00:00'),(1356,356,294,'2017-06-15 00:00:00'),(1357,357,456,'2017-03-15 00:00:00'),(1358,358,328,'2015-04-21 00:00:00'),(1359,359,373,'2016-05-23 00:00:00'),(1360,360,424,'2018-06-23 00:00:00'),(1361,361,455,'2016-05-22 00:00:00'),(1362,362,411,'2016-04-23 00:00:00'),(1363,363,275,'2018-09-16 00:00:00'),(1364,364,79,'2018-09-26 00:00:00'),(1365,365,255,'2015-11-06 00:00:00'),(1366,366,202,'2018-05-28 00:00:00'),(1367,367,439,'2015-03-31 00:00:00'),(1368,368,404,'2016-12-03 00:00:00'),(1369,369,32,'2018-01-21 00:00:00'),(1370,370,72,'2018-06-17 00:00:00'),(1371,371,251,'2016-03-16 00:00:00'),(1372,372,293,'2017-06-26 00:00:00'),(1373,373,383,'2015-02-06 00:00:00'),(1374,374,333,'2017-04-21 00:00:00'),(1375,375,219,'2015-06-27 00:00:00'),(1376,376,155,'2015-02-07 00:00:00'),(1377,377,430,'2017-03-01 00:00:00'),(1378,378,138,'2014-11-21 00:00:00'),(1379,379,354,'2015-07-23 00:00:00'),(1380,380,210,'2015-06-17 00:00:00'),(1381,381,374,'2018-06-12 00:00:00'),(1382,382,34,'2016-08-26 00:00:00'),(1383,383,385,'2015-02-03 00:00:00'),(1384,384,311,'2018-04-24 00:00:00'),(1385,385,10,'2016-01-11 00:00:00'),(1386,386,291,'2018-11-01 00:00:00'),(1387,387,99,'2016-10-23 00:00:00'),(1388,388,292,'2016-02-06 00:00:00'),(1389,389,466,'2016-02-14 00:00:00'),(1390,390,302,'2016-09-23 00:00:00'),(1391,391,307,'2016-04-18 00:00:00'),(1392,392,109,'2017-11-14 00:00:00'),(1393,393,413,'2016-12-30 00:00:00'),(1394,394,247,'2015-02-27 00:00:00'),(1395,395,14,'2017-03-16 00:00:00'),(1396,396,305,'2017-08-20 00:00:00'),(1397,397,106,'2018-05-12 00:00:00'),(1398,398,228,'2017-12-28 00:00:00'),(1399,399,152,'2018-06-15 00:00:00'),(1400,400,43,'2016-11-23 00:00:00'),(1401,401,54,'2018-04-17 00:00:00'),(1402,402,498,'2018-08-01 00:00:00'),(1403,403,249,'2015-08-11 00:00:00'),(1404,404,310,'2017-08-06 00:00:00'),(1405,405,455,'2017-01-20 00:00:00'),(1406,406,379,'2014-12-18 00:00:00'),(1407,407,105,'2016-05-01 00:00:00'),(1408,408,156,'2018-02-12 00:00:00'),(1409,409,366,'2016-06-24 00:00:00'),(1410,410,152,'2016-02-27 00:00:00'),(1411,411,224,'2018-09-08 00:00:00'),(1412,412,354,'2018-05-18 00:00:00'),(1413,413,368,'2015-11-19 00:00:00'),(1414,414,299,'2016-05-23 00:00:00'),(1415,415,28,'2015-02-22 00:00:00'),(1416,416,118,'2016-10-17 00:00:00'),(1417,417,117,'2016-09-05 00:00:00'),(1418,418,427,'2018-02-17 00:00:00'),(1419,419,283,'2018-02-23 00:00:00'),(1420,420,180,'2015-02-12 00:00:00'),(1421,421,140,'2018-11-03 00:00:00'),(1422,422,371,'2016-11-13 00:00:00'),(1423,423,259,'2017-04-19 00:00:00'),(1424,424,174,'2015-09-27 00:00:00'),(1425,425,22,'2017-10-31 00:00:00'),(1426,426,95,'2018-04-06 00:00:00'),(1427,427,229,'2015-04-07 00:00:00'),(1428,428,109,'2016-03-09 00:00:00'),(1429,429,241,'2017-11-04 00:00:00'),(1430,430,174,'2015-10-02 00:00:00'),(1431,431,401,'2016-12-29 00:00:00'),(1432,432,49,'2015-10-26 00:00:00'),(1433,433,378,'2018-11-15 00:00:00'),(1434,434,278,'2016-08-30 00:00:00'),(1435,435,256,'2015-12-17 00:00:00'),(1436,436,21,'2015-11-13 00:00:00'),(1437,437,60,'2017-03-07 00:00:00'),(1438,438,483,'2015-07-11 00:00:00'),(1439,439,289,'2015-09-24 00:00:00'),(1440,440,344,'2015-07-08 00:00:00'),(1441,441,123,'2018-02-20 00:00:00'),(1442,442,242,'2015-11-13 00:00:00'),(1443,443,146,'2015-06-19 00:00:00'),(1444,444,304,'2016-06-13 00:00:00'),(1445,445,135,'2018-03-13 00:00:00'),(1446,446,451,'2017-09-25 00:00:00'),(1447,447,457,'2017-07-11 00:00:00'),(1448,448,317,'2015-12-16 00:00:00'),(1449,449,38,'2018-10-03 00:00:00'),(1450,450,273,'2016-03-16 00:00:00'),(1451,451,133,'2018-04-12 00:00:00'),(1452,452,86,'2018-05-06 00:00:00'),(1453,453,279,'2018-03-03 00:00:00'),(1454,454,441,'2017-02-10 00:00:00'),(1455,455,393,'2016-03-04 00:00:00'),(1456,456,100,'2016-06-18 00:00:00'),(1457,457,101,'2017-08-10 00:00:00'),(1458,458,142,'2018-07-30 00:00:00'),(1459,459,358,'2018-08-28 00:00:00'),(1460,460,118,'2018-09-17 00:00:00'),(1461,461,160,'2018-01-25 00:00:00'),(1462,462,266,'2018-03-25 00:00:00'),(1463,463,189,'2016-01-24 00:00:00'),(1464,464,121,'2017-05-18 00:00:00'),(1465,465,70,'2017-09-13 00:00:00'),(1466,466,492,'2017-12-04 00:00:00'),(1467,467,309,'2017-05-26 00:00:00'),(1468,468,46,'2017-03-01 00:00:00'),(1469,469,29,'2017-03-17 00:00:00'),(1470,470,41,'2017-04-10 00:00:00'),(1471,471,72,'2015-11-07 00:00:00'),(1472,472,101,'2017-03-02 00:00:00'),(1473,473,448,'2017-05-09 00:00:00'),(1474,474,144,'2015-01-06 00:00:00'),(1475,475,19,'2015-09-28 00:00:00'),(1476,476,74,'2016-07-07 00:00:00'),(1477,477,445,'2015-02-23 00:00:00'),(1478,478,447,'2018-07-30 00:00:00'),(1479,479,179,'2016-12-07 00:00:00'),(1480,480,285,'2018-07-07 00:00:00'),(1481,481,163,'2015-07-08 00:00:00'),(1482,482,494,'2018-01-17 00:00:00'),(1483,483,293,'2016-10-25 00:00:00'),(1484,484,264,'2014-12-23 00:00:00'),(1485,485,78,'2018-07-14 00:00:00'),(1486,486,282,'2015-11-08 00:00:00'),(1487,487,392,'2014-12-23 00:00:00'),(1488,488,216,'2016-02-12 00:00:00'),(1489,489,239,'2018-01-21 00:00:00'),(1490,490,434,'2017-05-15 00:00:00'),(1491,491,402,'2015-09-19 00:00:00'),(1492,492,134,'2015-08-31 00:00:00'),(1493,493,177,'2015-10-25 00:00:00'),(1494,494,345,'2018-08-25 00:00:00'),(1495,495,365,'2018-10-15 00:00:00'),(1496,496,142,'2017-04-28 00:00:00'),(1497,497,356,'2018-05-05 00:00:00'),(1498,498,177,'2015-11-14 00:00:00'),(1499,499,194,'2017-04-14 00:00:00'),(1500,500,23,'2017-02-24 00:00:00'),(1501,501,308,'2015-03-18 00:00:00'),(1502,502,410,'2017-05-11 00:00:00'),(1503,503,421,'2016-09-12 00:00:00'),(1504,504,447,'2018-09-05 00:00:00'),(1505,505,26,'2017-08-11 00:00:00'),(1506,506,155,'2017-07-25 00:00:00'),(1507,507,243,'2017-02-27 00:00:00'),(1508,508,329,'2017-06-09 00:00:00'),(1509,509,118,'2017-01-31 00:00:00'),(1510,510,481,'2018-09-13 00:00:00'),(1511,511,237,'2018-03-30 00:00:00'),(1512,512,490,'2018-10-23 00:00:00'),(1513,513,428,'2015-05-02 00:00:00'),(1514,514,167,'2017-06-23 00:00:00'),(1515,515,116,'2018-04-10 00:00:00'),(1516,516,258,'2018-11-16 00:00:00'),(1517,517,412,'2016-01-17 00:00:00'),(1518,518,252,'2017-05-18 00:00:00'),(1519,519,129,'2017-02-18 00:00:00'),(1520,520,486,'2016-06-06 00:00:00'),(1521,521,315,'2016-05-24 00:00:00'),(1522,522,381,'2017-10-15 00:00:00'),(1523,523,306,'2015-12-03 00:00:00'),(1524,524,188,'2016-01-03 00:00:00'),(1525,525,249,'2018-10-14 00:00:00'),(1526,526,242,'2018-07-19 00:00:00'),(1527,527,64,'2015-02-18 00:00:00'),(1528,528,285,'2015-02-27 00:00:00'),(1529,529,151,'2016-10-07 00:00:00'),(1530,530,21,'2015-05-17 00:00:00'),(1531,531,401,'2016-12-23 00:00:00'),(1532,532,490,'2016-12-14 00:00:00'),(1533,533,253,'2016-07-05 00:00:00'),(1534,534,378,'2017-03-31 00:00:00'),(1535,535,135,'2017-04-18 00:00:00'),(1536,536,68,'2018-07-29 00:00:00'),(1537,537,384,'2017-09-01 00:00:00'),(1538,538,328,'2018-04-14 00:00:00'),(1539,539,500,'2015-02-19 00:00:00'),(1540,540,79,'2018-11-06 00:00:00'),(1541,541,280,'2017-06-21 00:00:00'),(1542,542,230,'2017-11-09 00:00:00'),(1543,543,493,'2018-08-28 00:00:00'),(1544,544,313,'2018-04-25 00:00:00'),(1545,545,146,'2016-06-15 00:00:00'),(1546,546,36,'2018-01-24 00:00:00'),(1547,547,407,'2015-08-21 00:00:00'),(1548,548,415,'2016-08-16 00:00:00'),(1549,549,428,'2016-04-23 00:00:00'),(1550,550,43,'2016-12-12 00:00:00'),(1551,551,448,'2016-08-11 00:00:00'),(1552,552,424,'2016-06-10 00:00:00'),(1553,553,370,'2015-04-22 00:00:00'),(1554,554,444,'2016-02-03 00:00:00'),(1555,555,391,'2017-03-14 00:00:00'),(1556,556,500,'2015-04-14 00:00:00'),(1557,557,16,'2016-02-15 00:00:00'),(1558,558,346,'2018-11-17 00:00:00'),(1559,559,218,'2016-03-20 00:00:00'),(1560,560,182,'2016-11-02 00:00:00'),(1561,561,207,'2015-12-23 00:00:00'),(1562,562,400,'2015-04-19 00:00:00'),(1563,563,349,'2016-05-29 00:00:00'),(1564,564,407,'2016-12-11 00:00:00'),(1565,565,267,'2015-06-14 00:00:00'),(1566,566,435,'2016-08-26 00:00:00'),(1567,567,351,'2017-11-11 00:00:00'),(1568,568,328,'2018-06-09 00:00:00'),(1569,569,346,'2018-07-21 00:00:00'),(1570,570,225,'2015-11-20 00:00:00'),(1571,571,356,'2016-04-04 00:00:00'),(1572,572,19,'2018-08-28 00:00:00'),(1573,573,98,'2017-09-05 00:00:00'),(1574,574,286,'2017-02-16 00:00:00'),(1575,575,304,'2016-01-12 00:00:00'),(1576,576,241,'2016-04-01 00:00:00'),(1577,577,141,'2015-01-12 00:00:00'),(1578,578,43,'2016-02-13 00:00:00'),(1579,579,318,'2015-01-26 00:00:00'),(1580,580,454,'2017-01-08 00:00:00'),(1581,581,456,'2017-06-06 00:00:00'),(1582,582,328,'2017-04-05 00:00:00'),(1583,583,243,'2016-04-13 00:00:00'),(1584,584,304,'2017-02-23 00:00:00'),(1585,585,37,'2017-11-02 00:00:00'),(1586,586,322,'2018-07-14 00:00:00'),(1587,587,277,'2017-01-31 00:00:00'),(1588,588,194,'2016-07-10 00:00:00'),(1589,589,43,'2017-12-04 00:00:00'),(1590,590,499,'2017-01-11 00:00:00'),(1591,591,301,'2016-12-14 00:00:00'),(1592,592,339,'2018-09-26 00:00:00'),(1593,593,240,'2015-06-26 00:00:00'),(1594,594,175,'2018-08-22 00:00:00'),(1595,595,256,'2018-10-03 00:00:00'),(1596,596,371,'2015-03-11 00:00:00'),(1597,597,61,'2016-09-15 00:00:00'),(1598,598,210,'2018-05-03 00:00:00'),(1599,599,67,'2018-02-07 00:00:00'),(1600,600,208,'2015-06-21 00:00:00'),(1601,601,269,'2018-08-18 00:00:00'),(1602,602,354,'2015-05-13 00:00:00'),(1603,603,36,'2018-08-01 00:00:00'),(1604,604,118,'2017-10-02 00:00:00'),(1605,605,414,'2017-01-19 00:00:00'),(1606,606,409,'2015-09-30 00:00:00'),(1607,607,367,'2015-09-20 00:00:00'),(1608,608,44,'2015-07-06 00:00:00'),(1609,609,10,'2017-05-05 00:00:00'),(1610,610,271,'2018-06-23 00:00:00'),(1611,611,17,'2015-11-28 00:00:00'),(1612,612,307,'2016-12-29 00:00:00'),(1613,613,461,'2018-10-08 00:00:00'),(1614,614,268,'2016-10-29 00:00:00'),(1615,615,236,'2015-12-02 00:00:00'),(1616,616,67,'2018-06-03 00:00:00'),(1617,617,443,'2015-06-13 00:00:00'),(1618,618,23,'2015-09-04 00:00:00'),(1619,619,447,'2016-01-28 00:00:00'),(1620,620,185,'2016-05-12 00:00:00'),(1621,621,10,'2017-02-26 00:00:00'),(1622,622,141,'2017-09-20 00:00:00'),(1623,623,381,'2016-06-26 00:00:00'),(1624,624,458,'2018-02-07 00:00:00'),(1625,625,372,'2015-04-23 00:00:00'),(1626,626,218,'2018-10-15 00:00:00'),(1627,627,106,'2015-09-11 00:00:00'),(1628,628,353,'2015-01-25 00:00:00'),(1629,629,145,'2016-05-24 00:00:00'),(1630,630,174,'2018-09-14 00:00:00'),(1631,631,50,'2018-04-05 00:00:00'),(1632,632,424,'2016-01-06 00:00:00'),(1633,633,204,'2017-07-14 00:00:00'),(1634,634,380,'2018-09-23 00:00:00'),(1635,635,274,'2018-03-31 00:00:00'),(1636,636,470,'2017-01-08 00:00:00'),(1637,637,281,'2017-01-07 00:00:00'),(1638,638,473,'2018-10-08 00:00:00'),(1639,639,137,'2014-12-23 00:00:00'),(1640,640,126,'2017-11-05 00:00:00'),(1641,641,76,'2017-01-26 00:00:00'),(1642,642,133,'2016-09-11 00:00:00'),(1643,643,342,'2016-12-27 00:00:00'),(1644,644,227,'2016-03-02 00:00:00'),(1645,645,199,'2018-03-12 00:00:00'),(1646,646,412,'2017-07-20 00:00:00'),(1647,647,371,'2017-06-12 00:00:00'),(1648,648,115,'2018-03-12 00:00:00'),(1649,649,141,'2017-12-31 00:00:00'),(1650,650,79,'2018-09-25 00:00:00'),(1651,651,408,'2017-10-16 00:00:00'),(1652,652,436,'2018-07-13 00:00:00'),(1653,653,253,'2016-01-08 00:00:00'),(1654,654,73,'2017-04-08 00:00:00'),(1655,655,62,'2017-08-24 00:00:00'),(1656,656,246,'2016-10-11 00:00:00'),(1657,657,62,'2016-12-01 00:00:00'),(1658,658,182,'2017-08-15 00:00:00'),(1659,659,472,'2014-12-20 00:00:00'),(1660,660,175,'2018-04-06 00:00:00'),(1661,661,98,'2016-11-22 00:00:00'),(1662,662,323,'2014-12-19 00:00:00'),(1663,663,253,'2016-01-21 00:00:00'),(1664,664,427,'2014-12-04 00:00:00'),(1665,665,213,'2017-02-16 00:00:00'),(1666,666,229,'2016-04-29 00:00:00'),(1667,667,489,'2017-04-06 00:00:00'),(1668,668,480,'2017-10-09 00:00:00'),(1669,669,192,'2016-02-21 00:00:00'),(1670,670,29,'2015-02-18 00:00:00'),(1671,671,346,'2017-03-15 00:00:00'),(1672,672,179,'2018-07-15 00:00:00'),(1673,673,435,'2016-08-20 00:00:00'),(1674,674,230,'2018-05-11 00:00:00'),(1675,675,272,'2016-07-29 00:00:00'),(1676,676,145,'2018-10-20 00:00:00'),(1677,677,147,'2018-10-05 00:00:00'),(1678,678,205,'2015-05-09 00:00:00'),(1679,679,156,'2015-10-24 00:00:00'),(1680,680,290,'2015-07-23 00:00:00'),(1681,681,461,'2016-03-06 00:00:00'),(1682,682,234,'2018-01-05 00:00:00'),(1683,683,377,'2018-07-16 00:00:00'),(1684,684,282,'2015-10-25 00:00:00'),(1685,685,99,'2016-03-24 00:00:00'),(1686,686,251,'2017-01-08 00:00:00'),(1687,687,267,'2018-05-13 00:00:00'),(1688,688,365,'2017-10-26 00:00:00'),(1689,689,10,'2018-11-08 00:00:00'),(1690,690,307,'2015-05-13 00:00:00'),(1691,691,415,'2016-10-05 00:00:00'),(1692,692,218,'2015-08-13 00:00:00'),(1693,693,385,'2018-09-19 00:00:00'),(1694,694,360,'2018-05-31 00:00:00'),(1695,695,312,'2017-03-01 00:00:00'),(1696,696,419,'2018-08-08 00:00:00'),(1697,697,31,'2016-12-22 00:00:00'),(1698,698,334,'2017-02-25 00:00:00'),(1699,699,188,'2017-11-04 00:00:00'),(1700,700,460,'2017-05-26 00:00:00'),(1701,701,349,'2018-07-10 00:00:00'),(1702,702,66,'2015-09-15 00:00:00'),(1703,703,285,'2018-08-07 00:00:00'),(1704,704,348,'2014-12-07 00:00:00'),(1705,705,107,'2018-05-15 00:00:00'),(1706,706,447,'2017-11-19 00:00:00'),(1707,707,138,'2016-05-03 00:00:00'),(1708,708,72,'2016-07-25 00:00:00'),(1709,709,181,'2015-09-14 00:00:00'),(1710,710,456,'2017-12-31 00:00:00'),(1711,711,239,'2018-04-13 00:00:00'),(1712,712,258,'2015-07-30 00:00:00'),(1713,713,423,'2017-07-16 00:00:00'),(1714,714,186,'2018-05-19 00:00:00'),(1715,715,230,'2017-10-22 00:00:00'),(1716,716,322,'2015-08-08 00:00:00'),(1717,717,363,'2018-07-22 00:00:00'),(1718,718,111,'2018-01-29 00:00:00'),(1719,719,111,'2015-09-05 00:00:00'),(1720,720,168,'2016-06-13 00:00:00'),(1721,721,472,'2015-08-06 00:00:00'),(1722,722,433,'2018-05-04 00:00:00'),(1723,723,67,'2018-09-12 00:00:00'),(1724,724,417,'2015-03-14 00:00:00'),(1725,725,356,'2015-03-01 00:00:00'),(1726,726,159,'2018-02-15 00:00:00'),(1727,727,50,'2015-01-21 00:00:00'),(1728,728,227,'2017-03-04 00:00:00'),(1729,729,159,'2016-08-31 00:00:00'),(1730,730,92,'2015-03-17 00:00:00'),(1731,731,290,'2018-01-15 00:00:00'),(1732,732,394,'2016-10-20 00:00:00'),(1733,733,354,'2015-01-10 00:00:00'),(1734,734,343,'2018-06-05 00:00:00'),(1735,735,245,'2017-09-08 00:00:00'),(1736,736,431,'2018-05-02 00:00:00'),(1737,737,211,'2017-07-30 00:00:00'),(1738,738,458,'2018-05-23 00:00:00'),(1739,739,484,'2015-12-11 00:00:00'),(1740,740,163,'2015-11-23 00:00:00'),(1741,741,427,'2015-09-06 00:00:00'),(1742,742,238,'2015-04-22 00:00:00'),(1743,743,62,'2016-04-15 00:00:00'),(1744,744,69,'2018-05-23 00:00:00'),(1745,745,258,'2017-08-27 00:00:00'),(1746,746,303,'2015-08-31 00:00:00'),(1747,747,247,'2017-07-20 00:00:00'),(1748,748,101,'2015-04-06 00:00:00'),(1749,749,41,'2016-03-12 00:00:00'),(1750,750,477,'2016-11-06 00:00:00'),(1751,751,403,'2015-01-12 00:00:00'),(1752,752,101,'2016-07-05 00:00:00'),(1753,753,239,'2016-12-04 00:00:00'),(1754,754,283,'2015-02-10 00:00:00'),(1755,755,308,'2018-02-16 00:00:00'),(1756,756,175,'2015-07-06 00:00:00'),(1757,757,124,'2018-03-15 00:00:00'),(1758,758,327,'2014-12-22 00:00:00'),(1759,759,402,'2015-02-12 00:00:00'),(1760,760,154,'2018-05-07 00:00:00'),(1761,761,270,'2018-04-07 00:00:00'),(1762,762,97,'2015-11-21 00:00:00'),(1763,763,384,'2015-04-28 00:00:00'),(1764,764,209,'2018-02-05 00:00:00'),(1765,765,419,'2017-02-04 00:00:00'),(1766,766,301,'2018-01-14 00:00:00'),(1767,767,127,'2016-09-16 00:00:00'),(1768,768,306,'2016-08-16 00:00:00'),(1769,769,123,'2016-12-17 00:00:00'),(1770,770,242,'2018-07-03 00:00:00'),(1771,771,104,'2016-11-14 00:00:00'),(1772,772,27,'2015-05-24 00:00:00'),(1773,773,282,'2017-06-20 00:00:00'),(1774,774,450,'2014-12-30 00:00:00'),(1775,775,54,'2017-01-04 00:00:00'),(1776,776,221,'2016-05-08 00:00:00'),(1777,777,65,'2015-11-29 00:00:00'),(1778,778,495,'2018-05-18 00:00:00'),(1779,779,156,'2017-02-20 00:00:00'),(1780,780,374,'2015-05-23 00:00:00'),(1781,781,179,'2015-07-30 00:00:00'),(1782,782,393,'2017-12-21 00:00:00'),(1783,783,348,'2017-09-20 00:00:00'),(1784,784,500,'2016-03-16 00:00:00'),(1785,785,409,'2016-10-13 00:00:00'),(1786,786,89,'2015-10-03 00:00:00'),(1787,787,157,'2015-02-03 00:00:00'),(1788,788,249,'2017-05-03 00:00:00'),(1789,789,132,'2016-02-16 00:00:00'),(1790,790,19,'2017-02-05 00:00:00'),(1791,791,255,'2017-07-15 00:00:00'),(1792,792,280,'2016-02-15 00:00:00'),(1793,793,93,'2016-05-03 00:00:00'),(1794,794,382,'2015-03-27 00:00:00'),(1795,795,318,'2017-07-22 00:00:00'),(1796,796,329,'2018-02-16 00:00:00'),(1797,797,336,'2017-08-21 00:00:00'),(1798,798,52,'2016-10-09 00:00:00'),(1799,799,354,'2016-01-30 00:00:00'),(1800,800,500,'2015-02-26 00:00:00'),(1801,801,152,'2018-10-10 00:00:00'),(1802,802,248,'2018-11-11 00:00:00'),(1803,803,489,'2017-09-21 00:00:00'),(1804,804,62,'2018-08-07 00:00:00'),(1805,805,163,'2016-09-05 00:00:00'),(1806,806,193,'2017-04-30 00:00:00'),(1807,807,239,'2015-06-14 00:00:00'),(1808,808,147,'2018-01-27 00:00:00'),(1809,809,239,'2018-05-09 00:00:00'),(1810,810,120,'2016-03-19 00:00:00'),(1811,811,390,'2016-01-02 00:00:00'),(1812,812,210,'2015-10-28 00:00:00'),(1813,813,465,'2015-01-28 00:00:00'),(1814,814,429,'2015-04-21 00:00:00'),(1815,815,285,'2015-10-29 00:00:00'),(1816,816,96,'2018-02-08 00:00:00'),(1817,817,306,'2016-10-16 00:00:00'),(1818,818,151,'2018-04-20 00:00:00'),(1819,819,437,'2015-08-22 00:00:00'),(1820,820,49,'2016-10-24 00:00:00'),(1821,821,246,'2016-04-30 00:00:00'),(1822,822,42,'2016-02-06 00:00:00'),(1823,823,138,'2015-12-25 00:00:00'),(1824,824,288,'2015-11-29 00:00:00'),(1825,825,143,'2014-12-03 00:00:00'),(1826,826,15,'2018-07-24 00:00:00'),(1827,827,406,'2018-08-27 00:00:00'),(1828,828,354,'2018-04-19 00:00:00'),(1829,829,416,'2014-12-21 00:00:00'),(1830,830,419,'2018-05-29 00:00:00'),(1831,831,361,'2017-07-04 00:00:00'),(1832,832,178,'2017-03-13 00:00:00'),(1833,833,305,'2018-10-12 00:00:00'),(1834,834,112,'2015-10-15 00:00:00'),(1835,835,135,'2016-01-22 00:00:00'),(1836,836,216,'2018-02-19 00:00:00'),(1837,837,93,'2017-03-04 00:00:00'),(1838,838,95,'2017-02-20 00:00:00'),(1839,839,37,'2015-07-30 00:00:00'),(1840,840,428,'2017-04-09 00:00:00'),(1841,841,473,'2018-06-06 00:00:00'),(1842,842,321,'2018-02-21 00:00:00'),(1843,843,433,'2017-03-24 00:00:00'),(1844,844,451,'2018-05-04 00:00:00'),(1845,845,149,'2016-01-09 00:00:00'),(1846,846,389,'2016-06-21 00:00:00'),(1847,847,225,'2018-04-08 00:00:00'),(1848,848,39,'2018-03-12 00:00:00'),(1849,849,86,'2018-06-17 00:00:00'),(1850,850,489,'2017-06-05 00:00:00'),(1851,851,350,'2014-12-17 00:00:00'),(1852,852,265,'2018-08-25 00:00:00'),(1853,853,91,'2016-12-20 00:00:00'),(1854,854,193,'2016-10-21 00:00:00'),(1855,855,492,'2018-06-21 00:00:00'),(1856,856,96,'2016-12-07 00:00:00'),(1857,857,487,'2018-04-02 00:00:00'),(1858,858,272,'2017-01-06 00:00:00'),(1859,859,386,'2016-12-01 00:00:00'),(1860,860,443,'2018-09-18 00:00:00'),(1861,861,52,'2018-03-16 00:00:00'),(1862,862,425,'2015-03-17 00:00:00'),(1863,863,428,'2018-05-23 00:00:00'),(1864,864,442,'2016-04-29 00:00:00'),(1865,865,377,'2018-05-02 00:00:00'),(1866,866,226,'2015-02-07 00:00:00'),(1867,867,379,'2018-09-27 00:00:00'),(1868,868,444,'2014-12-25 00:00:00'),(1869,869,392,'2015-08-08 00:00:00'),(1870,870,255,'2015-06-16 00:00:00'),(1871,871,67,'2017-08-04 00:00:00'),(1872,872,162,'2016-05-08 00:00:00'),(1873,873,118,'2016-10-22 00:00:00'),(1874,874,159,'2017-01-27 00:00:00'),(1875,875,195,'2016-05-24 00:00:00'),(1876,876,341,'2015-08-25 00:00:00'),(1877,877,334,'2016-05-10 00:00:00'),(1878,878,25,'2016-06-07 00:00:00'),(1879,879,120,'2017-03-05 00:00:00'),(1880,880,295,'2017-11-18 00:00:00'),(1881,881,23,'2016-07-09 00:00:00'),(1882,882,38,'2015-06-04 00:00:00'),(1883,883,367,'2017-10-24 00:00:00'),(1884,884,78,'2017-05-27 00:00:00'),(1885,885,322,'2017-04-13 00:00:00'),(1886,886,22,'2015-07-20 00:00:00'),(1887,887,95,'2016-01-10 00:00:00'),(1888,888,333,'2017-03-17 00:00:00'),(1889,889,18,'2016-09-14 00:00:00'),(1890,890,74,'2015-12-24 00:00:00'),(1891,891,444,'2015-10-30 00:00:00'),(1892,892,232,'2016-05-27 00:00:00'),(1893,893,446,'2017-05-01 00:00:00'),(1894,894,474,'2017-07-27 00:00:00'),(1895,895,126,'2018-08-02 00:00:00'),(1896,896,12,'2016-02-23 00:00:00'),(1897,897,177,'2018-05-17 00:00:00'),(1898,898,159,'2018-01-10 00:00:00'),(1899,899,35,'2017-01-01 00:00:00'),(1900,900,101,'2015-06-15 00:00:00'),(1901,901,461,'2014-12-07 00:00:00'),(1902,902,238,'2017-02-25 00:00:00'),(1903,903,289,'2018-01-11 00:00:00'),(1904,904,327,'2016-03-10 00:00:00'),(1905,905,156,'2018-08-01 00:00:00'),(1906,906,201,'2018-11-11 00:00:00'),(1907,907,366,'2015-11-30 00:00:00'),(1908,908,407,'2016-01-04 00:00:00'),(1909,909,382,'2017-01-05 00:00:00'),(1910,910,322,'2016-09-08 00:00:00'),(1911,911,317,'2016-04-26 00:00:00'),(1912,912,211,'2016-02-05 00:00:00'),(1913,913,38,'2018-01-15 00:00:00'),(1914,914,212,'2018-05-28 00:00:00'),(1915,915,380,'2018-02-09 00:00:00'),(1916,916,337,'2016-08-26 00:00:00'),(1917,917,98,'2015-02-15 00:00:00'),(1918,918,295,'2017-10-16 00:00:00'),(1919,919,212,'2017-09-16 00:00:00'),(1920,920,273,'2015-09-19 00:00:00'),(1921,921,200,'2015-09-09 00:00:00'),(1922,922,153,'2017-07-28 00:00:00'),(1923,923,163,'2016-07-26 00:00:00'),(1924,924,178,'2016-06-28 00:00:00'),(1925,925,232,'2017-04-24 00:00:00'),(1926,926,166,'2016-01-01 00:00:00'),(1927,927,203,'2016-04-20 00:00:00'),(1928,928,246,'2016-08-24 00:00:00'),(1929,929,400,'2016-12-25 00:00:00'),(1930,930,117,'2015-06-05 00:00:00'),(1931,931,81,'2018-06-24 00:00:00'),(1932,932,139,'2015-04-22 00:00:00'),(1933,933,197,'2017-09-15 00:00:00'),(1934,934,297,'2018-09-01 00:00:00'),(1935,935,282,'2018-10-29 00:00:00'),(1936,936,43,'2017-04-05 00:00:00'),(1937,937,375,'2015-06-10 00:00:00'),(1938,938,99,'2015-07-10 00:00:00'),(1939,939,339,'2016-11-10 00:00:00'),(1940,940,145,'2018-08-15 00:00:00'),(1941,941,115,'2017-02-13 00:00:00'),(1942,942,292,'2017-06-29 00:00:00'),(1943,943,324,'2018-05-04 00:00:00'),(1944,944,475,'2018-11-18 00:00:00'),(1945,945,347,'2018-06-19 00:00:00'),(1946,946,106,'2014-11-24 00:00:00'),(1947,947,52,'2018-09-02 00:00:00'),(1948,948,189,'2017-08-06 00:00:00'),(1949,949,318,'2015-07-22 00:00:00'),(1950,950,93,'2015-09-10 00:00:00'),(1951,951,339,'2017-04-15 00:00:00'),(1952,952,131,'2016-07-24 00:00:00'),(1953,953,456,'2018-11-04 00:00:00'),(1954,954,174,'2017-02-05 00:00:00'),(1955,955,76,'2018-08-24 00:00:00'),(1956,956,454,'2016-12-07 00:00:00'),(1957,957,166,'2016-08-17 00:00:00'),(1958,958,228,'2015-12-31 00:00:00'),(1959,959,17,'2017-10-02 00:00:00'),(1960,960,261,'2018-02-14 00:00:00'),(1961,961,24,'2015-06-29 00:00:00'),(1962,962,162,'2018-05-07 00:00:00'),(1963,963,254,'2016-03-16 00:00:00'),(1964,964,332,'2017-06-25 00:00:00'),(1965,965,158,'2017-08-13 00:00:00'),(1966,966,221,'2015-03-29 00:00:00'),(1967,967,500,'2016-12-07 00:00:00'),(1968,968,127,'2015-01-15 00:00:00'),(1969,969,464,'2015-12-03 00:00:00'),(1970,970,67,'2015-08-11 00:00:00'),(1971,971,49,'2015-03-21 00:00:00'),(1972,972,462,'2016-05-17 00:00:00'),(1973,973,159,'2018-08-11 00:00:00'),(1974,974,236,'2016-05-24 00:00:00'),(1975,975,225,'2015-05-14 00:00:00'),(1976,976,287,'2016-05-18 00:00:00'),(1977,977,86,'2016-12-17 00:00:00'),(1978,978,221,'2016-08-11 00:00:00'),(1979,979,286,'2018-07-21 00:00:00'),(1980,980,444,'2015-05-25 00:00:00'),(1981,981,155,'2016-10-04 00:00:00'),(1982,982,383,'2017-10-29 00:00:00'),(1983,983,188,'2017-02-18 00:00:00'),(1984,984,66,'2016-05-30 00:00:00'),(1985,985,461,'2017-02-05 00:00:00'),(1986,986,468,'2016-05-11 00:00:00'),(1987,987,285,'2017-04-29 00:00:00'),(1988,988,332,'2018-07-20 00:00:00'),(1989,989,247,'2017-06-03 00:00:00'),(1990,990,448,'2018-02-08 00:00:00'),(1991,991,183,'2017-05-13 00:00:00'),(1992,992,78,'2015-12-15 00:00:00'),(1993,993,467,'2016-08-03 00:00:00'),(1994,994,38,'2014-12-28 00:00:00'),(1995,995,84,'2018-05-11 00:00:00'),(1996,996,334,'2016-11-17 00:00:00'),(1997,997,255,'2015-01-01 00:00:00'),(1998,998,396,'2017-11-10 00:00:00'),(1999,999,418,'2015-12-01 00:00:00'),(2000,1000,63,'2016-05-27 00:00:00');
/*!40000 ALTER TABLE `client_transactions` ENABLE KEYS */;
UNLOCK TABLES;

--
-- Table structure for table `contact_info`
--

DROP TABLE IF EXISTS `contact_info`;
/*!40101 SET @saved_cs_client     = @@character_set_client */;
/*!40101 SET character_set_client = utf8 */;
CREATE TABLE `contact_info` (
  `contact_info_id` int(11) NOT NULL AUTO_INCREMENT,
  `street` varchar(45) DEFAULT NULL,
  `state` varchar(2) DEFAULT NULL,
  `city` varchar(45) DEFAULT NULL,
  `zip` int(5) DEFAULT NULL,
  `phone` varchar(15) DEFAULT NULL,
  `email` varchar(45) DEFAULT NULL,
  PRIMARY KEY (`contact_info_id`),
  UNIQUE KEY `address_id_UNIQUE` (`contact_info_id`)
) ENGINE=InnoDB AUTO_INCREMENT=2033 DEFAULT CHARSET=latin1;
/*!40101 SET character_set_client = @saved_cs_client */;

--
-- Dumping data for table `contact_info`
--

LOCK TABLES `contact_info` WRITE;
/*!40000 ALTER TABLE `contact_info` DISABLE KEYS */;
INSERT INTO `contact_info` VALUES (1021,'street','st','city',NULL,'phone','email'),(1022,'431 Homewood Crossing','FL','Fort Lauderdale',68215,'754-460-6749','dchilvers0@aol.com'),(1023,'40952 Independence Trail','NE','Lincoln',28101,'402-147-6686','scrispe1@about.com'),(1024,'7 Tomscot Avenue','NC','Winston Salem',95413,'336-523-9827','ldemschke2@zimbio.com'),(1025,'124 Heffernan Crossing','VA','Roanoke',25867,'540-545-4328','flidster3@ox.ac.uk'),(1026,'8755 Thierer Road','GA','Atlanta',48287,'404-721-4020','bceaplen4@cocolog-nifty.com'),(1027,'5551 Green Alley','DC','Washington',62410,'202-972-9989','rschuelcke5@ucoz.ru'),(1028,'2213 Summit Place','IL','Rockford',73163,'815-983-0180','tschruurs6@omniture.com'),(1029,'8 Thackeray Hill','IL','Chicago',18685,'312-149-1664','pselvey7@illinois.edu'),(1030,'4 Homewood Lane','VA','Reston',79,'571-591-9007','cbalducci8@examiner.com'),(1031,'21345 Vermont Place','NC','Raleigh',92359,'919-442-4948','rjaves9@ezinearticles.com'),(1032,'39 Troy Point','GA','Atlanta',59873,'404-266-7838','hcutmerea@ehow.com'),(1033,'3889 Forest Run Alley','WI','Milwaukee',87994,'414-542-1701','dtoleb@pen.io'),(1034,'928 Fulton Circle','DC','Washington',18282,'202-816-0241','lleserc@google.fr'),(1035,'14642 Superior Avenue','OH','Dayton',40256,'937-232-9803','gpetrakd@google.co.uk'),(1036,'47081 Kedzie Court','KY','Louisville',62790,'502-479-1553','ppummerye@is.gd'),(1037,'41 Homewood Junction','WV','Morgantown',10483,'304-288-7892','pminchentonf@yelp.com'),(1038,'7 Oak Junction','TX','Dallas',80722,'469-927-3199','cjovicicg@newyorker.com'),(1039,'8 Homewood Place','NY','Schenectady',92257,'518-194-6052','alandrieuh@linkedin.com'),(1040,'53 Karstens Drive','MN','Minneapolis',96042,'612-278-8202','kmaggiorii@cbc.ca'),(1041,'7986 Hazelcrest Way','IL','Chicago',33568,'773-803-8937','fshierj@npr.org'),(1042,'59498 Warrior Circle','CO','Denver',55609,'719-922-4482','ewashtellk@wufoo.com'),(1043,'528 Bluestem Drive','IN','Evansville',34959,'812-642-0387','fdesbrowl@amazon.com'),(1044,'940 Forest Dale Alley','CA','San Francisco',95574,'415-180-4587','awillingalem@slate.com'),(1045,'62287 International Avenue','CA','Ventura',75257,'805-487-6391','lcartmelln@sogou.com'),(1046,'76 Ludington Park','TX','San Antonio',65100,'210-176-9121','omackintosho@slate.com'),(1047,'760 Scott Center','WI','Milwaukee',24802,'414-534-1840','cclitsomep@nps.gov'),(1048,'4995 Stang Road','FL','Fort Lauderdale',81659,'954-531-7564','kstokesq@woothemes.com'),(1049,'76 Arapahoe Junction','CA','Los Angeles',26233,'213-948-3640','vdooler@chron.com'),(1050,'83308 Becker Way','WV','Charleston',51462,'304-417-8624','wmcsweeneys@nsw.gov.au'),(1051,'2184 Morrow Drive','CA','Long Beach',77724,'562-532-5434','vimlocht@list-manage.com'),(1052,'54 Talisman Alley','DC','Washington',61257,'202-383-3845','mkobpalu@ibm.com'),(1053,'5 Independence Way','CT','Hartford',69718,'860-434-9532','dastiev@tiny.cc'),(1054,'244 Ohio Hill','MD','Rockville',83825,'240-994-4172','alockheadw@aboutads.info'),(1055,'1642 Corscot Pass','CT','Waterbury',77097,'203-999-8993','kclemensx@infoseek.co.jp'),(1056,'51 Elgar Park','OH','Cincinnati',13651,'513-925-8255','dbyarsy@aol.com'),(1057,'5392 Kinsman Pass','LA','New Orleans',47186,'504-834-7016','pgaliaz@arizona.edu'),(1058,'0 Eagan Trail','NY','Brooklyn',67027,'646-501-7919','akeene10@altervista.org'),(1059,'77 High Crossing Lane','CA','Sacramento',10873,'510-233-7349','kanand11@reuters.com'),(1060,'790 Merry Circle','IL','Chicago',859,'312-562-0389','ecogman12@thetimes.co.uk'),(1061,'90501 Beilfuss Plaza','PA','Pittsburgh',45892,'412-502-4921','csheehy13@geocities.com'),(1062,'0 Lukken Parkway','DC','Washington',72481,'202-309-2473','dcleugh14@woothemes.com'),(1063,'493 Macpherson Parkway','NY','Albany',5108,'518-971-1127','bwellan15@newsvine.com'),(1064,'484 Quincy Lane','TX','Dallas',60074,'469-359-5065','dkevern16@people.com.cn'),(1065,'58 Swallow Parkway','OK','Oklahoma City',87210,'405-696-6629','lhalliberton17@unblog.fr'),(1066,'684 Moland Point','NC','Durham',68010,'919-474-4514','jcordingly18@unc.edu'),(1067,'78652 Spohn Place','TX','El Paso',33858,'915-330-0949','gtummasutti19@people.com.cn'),(1068,'014 Glacier Hill Street','FL','Miami',68086,'305-747-7655','eskevington1a@ezinearticles.com'),(1069,'78 Hooker Park','PA','New Castle',77470,'724-525-3296','rlefleming1b@cyberchimps.com'),(1070,'18077 Little Fleur Place','MI','Midland',64343,'989-556-3075','gstevenson1c@admin.ch'),(1071,'13270 Dexter Plaza','VA','Roanoke',76974,'540-879-0252','hbarta1d@people.com.cn'),(1072,'6 Chinook Center','OK','Tulsa',59481,'918-844-5076','acockson1e@dmoz.org'),(1073,'511 Anniversary Center','IN','Fort Wayne',41609,'260-129-9578','dgossage1f@seesaa.net'),(1074,'9 Drewry Road','TX','San Antonio',99431,'210-307-7908','jbloodworthe1g@loc.gov'),(1075,'9355 Beilfuss Drive','VA','Virginia Beach',62769,'757-626-9130','dperrigo1h@spotify.com'),(1076,'93 Meadow Vale Plaza','OR','Portland',97059,'503-667-0457','mmarshallsay1i@topsy.com'),(1077,'74917 Mifflin Crossing','TX','Corpus Christi',58243,'361-261-1311','ksneller1j@mozilla.com'),(1078,'97304 Mosinee Place','AZ','Phoenix',88447,'602-392-6538','gsandom1k@wordpress.com'),(1079,'9259 Sauthoff Junction','CA','Corona',24677,'951-655-1642','khanway1l@furl.net'),(1080,'1560 Red Cloud Terrace','CA','Richmond',75667,'510-282-5020','kmcguinley1m@mediafire.com'),(1081,'047 Thierer Parkway','TX','El Paso',34139,'915-824-2988','rwillmont1n@myspace.com'),(1082,'678 Dexter Street','DC','Washington',68375,'202-257-0047','mschust1o@baidu.com'),(1083,'09 Mccormick Circle','DE','Wilmington',7514,'302-824-8501','aoverland1p@cnet.com'),(1084,'28 Fair Oaks Junction','NY','Brooklyn',84720,'718-654-8392','gmillis1q@tripadvisor.com'),(1085,'87478 Manitowish Junction','OK','Oklahoma City',76589,'405-364-5751','hnoen1r@webs.com'),(1086,'5 Havey Terrace','LA','Monroe',47782,'318-578-0064','rvenditto1s@fda.gov'),(1087,'9163 Melby Point','FL','Tallahassee',42667,'850-757-0699','rbranford1t@nps.gov'),(1088,'104 South Alley','UT','Salt Lake City',85200,'801-726-9926','cdobrowski1u@fotki.com'),(1089,'7184 Paget Street','OH','Columbus',71309,'614-374-8067','melgar1v@addtoany.com'),(1090,'7 Comanche Pass','KY','Lexington',56566,'859-969-8446','agourley1w@i2i.jp'),(1091,'5 Merchant Court','MS','Columbus',25839,'662-492-9609','hbaynom1x@netvibes.com'),(1092,'0421 Esker Trail','DC','Washington',67493,'202-834-1032','dtrayte1y@yahoo.com'),(1093,'7845 Ruskin Alley','CA','San Diego',10551,'619-200-7903','bcanto1z@tmall.com'),(1094,'8839 Northview Lane','UT','Salt Lake City',97330,'801-823-9787','pcoyle20@reuters.com'),(1095,'634 Donald Plaza','CA','Modesto',70821,'209-457-6910','igurney21@theatlantic.com'),(1096,'58468 Bultman Junction','TX','Austin',65498,'512-969-7106','tmilkeham22@freewebs.com'),(1097,'43506 Calypso Plaza','CO','Colorado Springs',10051,'719-251-3207','rcomberbach23@army.mil'),(1098,'0 Warrior Road','CA','Los Angeles',44932,'213-937-7367','hhehl24@github.com'),(1099,'128 Springs Plaza','CA','Santa Barbara',53354,'805-540-7889','ustreatfeild25@simplemachines.org'),(1100,'0377 Farragut Alley','FL','North Port',58567,'941-503-5499','alaugier26@printfriendly.com'),(1101,'5 Eggendart Avenue','AL','Anniston',22685,'256-462-5228','hcaisley27@tripod.com'),(1102,'07476 Brown Street','MN','Minneapolis',62385,'763-299-9299','gruoss28@ycombinator.com'),(1103,'76 Bartillon Parkway','TX','Houston',62652,'713-810-3517','dmacfadzan29@shinystat.com'),(1104,'51398 Chinook Circle','FL','Orlando',85082,'407-292-5652','edollimore2a@sakura.ne.jp'),(1105,'675 Spohn Junction','TX','Gatesville',18964,'254-259-7803','tburgisi2b@state.tx.us'),(1106,'86 Barnett Road','ID','Boise',22634,'208-864-5652','olangwade2c@4shared.com'),(1107,'97 Stone Corner Parkway','FL','Lehigh Acres',96256,'863-637-1651','sjacobs2d@about.me'),(1108,'393 Dennis Street','CT','Hartford',62162,'860-324-7391','amiltonwhite2e@blogspot.com'),(1109,'54982 Rockefeller Hill','FL','Fort Lauderdale',47358,'754-656-6467','mmarin2f@unc.edu'),(1110,'17716 Ridgeview Drive','PA','Erie',43874,'814-575-8583','hstother2g@photobucket.com'),(1111,'4021 Everett Trail','FL','Lakeland',97230,'863-868-4406','vtennewell2h@fastcompany.com'),(1112,'871 Springs Place','MI','Detroit',64606,'313-187-9565','egodwyn2i@wikimedia.org'),(1113,'3 Village Green Parkway','OR','Portland',72226,'971-862-3306','ksellack2j@npr.org'),(1114,'178 Nevada Way','TX','El Paso',18188,'915-534-4334','charesnape2k@unicef.org'),(1115,'900 Bowman Plaza','AZ','Tucson',27379,'520-427-1561','wborn2l@sciencedirect.com'),(1116,'3 Carioca Lane','TX','El Paso',51162,'915-874-8124','ggapper2m@mediafire.com'),(1117,'37880 Thompson Plaza','NC','Charlotte',90918,'704-546-4448','aboor2n@a8.net'),(1118,'53 Di Loreto Plaza','VA','Arlington',46870,'571-172-2505','eduley2o@scientificamerican.com'),(1119,'51 Superior Park','CA','Carlsbad',17578,'760-948-4204','oheaseman2p@senate.gov'),(1120,'029 Nancy Center','VT','Montpelier',66717,'802-288-8129','skebell2q@wiley.com'),(1121,'2 Carey Street','GA','Atlanta',37218,'404-701-7080','bamaya2r@dagondesign.com'),(1122,'458 Becker Terrace','FL','Gainesville',12111,'352-349-4480','spoundford2s@vinaora.com'),(1123,'8618 Mayfield Drive','MN','Young America',38779,'952-193-3473','lloos2t@amazon.de'),(1124,'1 Anhalt Road','IN','Fort Wayne',19563,'260-436-0909','vcampanelle2u@hc360.com'),(1125,'4 Melrose Place','IL','Rockford',45182,'815-229-0434','vivashechkin2v@amazonaws.com'),(1126,'44 Barby Plaza','LA','Shreveport',52051,'318-610-4467','kmccarle2w@msu.edu'),(1127,'88 Pierstorff Plaza','TN','Nashville',28456,'615-578-1218','psmewing2x@house.gov'),(1128,'56701 Emmet Point','NY','Bronx',13504,'718-368-1742','aserrels2y@geocities.jp'),(1129,'06020 Maple Wood Parkway','VA','Roanoke',3135,'540-701-4279','mdransfield2z@pen.io'),(1130,'6 Coleman Pass','AR','North Little Rock',12169,'501-358-4012','lstent30@ameblo.jp'),(1131,'7 Eagan Lane','DC','Washington',75628,'202-315-7881','bkovnot31@ameblo.jp'),(1132,'6386 Chinook Parkway','TN','Memphis',78361,'901-742-0471','cbirts32@dot.gov'),(1133,'8 Ohio Hill','NC','Charlotte',53940,'704-444-5983','jornells33@cocolog-nifty.com'),(1134,'91 Derek Crossing','TX','Dallas',92850,'214-181-6593','mfenix34@domainmarket.com'),(1135,'948 Spenser Junction','TX','Fort Worth',45732,'817-225-0382','aorsi35@topsy.com'),(1136,'4676 Toban Plaza','DC','Washington',38706,'202-338-3785','zriping36@imdb.com'),(1137,'9594 Lukken Street','CA','San Diego',8762,'619-141-7230','ddefau37@house.gov'),(1138,'5 Sommers Terrace','AL','Birmingham',85432,'205-273-2624','bgoodale38@geocities.jp'),(1139,'5775 Chive Way','DC','Washington',70638,'202-588-9758','slabbati39@purevolume.com'),(1140,'9 Hooker Terrace','DC','Washington',70519,'202-744-8084','bfairpo3a@huffingtonpost.com'),(1141,'07663 Westport Road','TX','Lubbock',52274,'806-629-3656','aarrigo3b@google.ca'),(1142,'96 Springview Street','NE','Omaha',51394,'402-204-0826','ltarquini3c@fastcompany.com'),(1143,'13 Emmet Place','CO','Denver',90929,'720-569-3329','fpilmoor3d@phpbb.com'),(1144,'9 Northport Parkway','TN','Johnson City',15533,'423-725-5090','jparlot3e@imdb.com'),(1145,'1851 Warrior Place','HI','Honolulu',72579,'808-809-1865','dstrong3f@noaa.gov'),(1146,'34503 Arkansas Way','MO','Kansas City',46354,'816-678-2014','dmarvelley3g@google.de'),(1147,'35884 Emmet Street','NC','Winston Salem',71612,'336-212-0732','fparysowna3h@rediff.com'),(1148,'5 Bartelt Street','TX','Wichita Falls',81523,'940-455-0238','rkilleley3i@abc.net.au'),(1149,'12 Forest Way','NC','Greensboro',43970,'336-939-2952','ecomben3j@friendfeed.com'),(1150,'669 3rd Avenue','NH','Portsmouth',39686,'603-500-7278','adearness3k@thetimes.co.uk'),(1151,'35 South Plaza','IN','Muncie',58912,'765-805-8096','llaughrey3l@virginia.edu'),(1152,'5889 Charing Cross Hill','CA','Sacramento',38597,'916-252-5012','wwelman3m@macromedia.com'),(1153,'77 Kensington Drive','NC','Fayetteville',2756,'910-522-3141','umacinerney3n@cisco.com'),(1154,'19444 North Lane','ID','Idaho Falls',88568,'208-468-4289','mbuttress3o@geocities.com'),(1155,'88 Lakewood Gardens Crossing','CA','Sacramento',79536,'916-880-0311','kthrift3p@stumbleupon.com'),(1156,'342 Jenna Hill','NY','Brooklyn',51763,'917-655-4383','rbrightey3q@slate.com'),(1157,'124 Canary Parkway','HI','Honolulu',54933,'808-334-0799','pauchinleck3r@who.int'),(1158,'5380 Ohio Point','GA','Norcross',45217,'678-252-6644','jpimlett3s@yahoo.co.jp'),(1159,'03505 East Lane','AL','Mobile',25758,'251-200-1051','rorteaux3t@vinaora.com'),(1160,'13 Mayer Place','MI','Detroit',52994,'313-154-4506','spevsner3u@wufoo.com'),(1161,'4 Grim Hill','CA','Fresno',52960,'559-640-3674','cyeldon3v@craigslist.org'),(1162,'6411 Warrior Point','NY','Bronx',83138,'718-957-3599','eswayland3w@sfgate.com'),(1163,'30 Anderson Circle','OH','Akron',30002,'330-952-6701','iwintringham3x@g.co'),(1164,'902 Sage Court','VA','Lynchburg',81781,'434-577-7892','jferraretto3y@upenn.edu'),(1165,'36193 Holmberg Crossing','AL','Montgomery',98580,'334-482-1920','gtwelftree3z@bbb.org'),(1166,'6495 Mariners Cove Avenue','MN','Saint Paul',90664,'612-656-7377','rlowles40@goo.gl'),(1167,'943 Washington Junction','DE','Wilmington',67312,'302-732-8293','mkelley41@facebook.com'),(1168,'1 East Drive','CA','Oakland',98678,'510-487-7634','jtreker42@mapquest.com'),(1169,'272 Maywood Plaza','CA','Modesto',42995,'209-704-4698','qlevison43@noaa.gov'),(1170,'08257 Rieder Street','CA','San Francisco',27718,'415-688-5647','jsimenet44@gravatar.com'),(1171,'12 Shasta Point','DC','Washington',65914,'703-681-1389','aheugh45@microsoft.com'),(1172,'3 Texas Place','FL','Jacksonville',63702,'904-141-5224','gbarthropp46@miitbeian.gov.cn'),(1173,'042 Macpherson Center','TX','Houston',94732,'713-556-8722','sblacktin47@mac.com'),(1174,'43 Lyons Center','MT','Missoula',83749,'406-268-0566','mashcroft48@chronoengine.com'),(1175,'0 Weeping Birch Court','CA','Sacramento',70206,'916-297-9908','hcapron49@hao123.com'),(1176,'6 Everett Circle','NC','Charlotte',42497,'704-923-6770','ecunah4a@artisteer.com'),(1177,'20 Corben Street','TX','San Antonio',44924,'210-800-6331','jkeniwell4b@cbslocal.com'),(1178,'43645 Mariners Cove Street','CA','Oakland',74390,'415-382-4716','gastbery4c@squarespace.com'),(1179,'2225 Delaware Junction','TN','Memphis',85266,'901-578-6999','bburdell4d@imgur.com'),(1180,'946 Rigney Circle','FL','Fort Pierce',21550,'772-802-6629','mgurery4e@ucla.edu'),(1181,'4105 Fieldstone Court','MI','Grand Rapids',49658,'616-196-6959','tsorsbie4f@cbc.ca'),(1182,'829 Dayton Crossing','MN','Monticello',61605,'763-895-8685','emcgilvray4g@mapy.cz'),(1183,'3381 Harper Circle','LA','New Orleans',64184,'985-550-9375','mmcduall4h@eventbrite.com'),(1184,'8 Barnett Avenue','WA','Lakewood',6057,'253-870-6058','ptumilty4i@discovery.com'),(1185,'96596 Grayhawk Drive','CA','Pasadena',89917,'626-862-7024','mblemen4j@dion.ne.jp'),(1186,'08 Shopko Terrace','FL','Orlando',21748,'407-925-2005','zoliffe4k@bing.com'),(1187,'03 Golden Leaf Park','AK','Fairbanks',52276,'907-869-8747','kluthwood4l@wikimedia.org'),(1188,'96734 Almo Terrace','DC','Washington',67787,'202-124-9958','feitter4m@japanpost.jp'),(1189,'0 Haas Park','CA','Chico',66421,'530-898-2687','idelmonte4n@acquirethisname.com'),(1190,'78540 Merchant Park','TN','Memphis',92431,'901-858-2312','ctipling4o@rediff.com'),(1191,'26681 Oak Avenue','GA','Macon',40547,'478-536-2929','ddunkerley4p@networksolutions.com'),(1192,'681 Aberg Court','TX','Longview',23911,'903-450-9721','vpruvost4q@utexas.edu'),(1193,'1 Hagan Hill','NY','New York City',21984,'646-547-6807','abatha4r@cloudflare.com'),(1194,'7542 Eagan Lane','TX','Abilene',78628,'325-535-6939','lcareswell4s@macromedia.com'),(1195,'993 Rusk Avenue','VA','Richmond',82312,'804-954-7776','jyve4t@imgur.com'),(1196,'42678 Glendale Park','CA','Alhambra',28796,'626-329-3804','amilmoe4u@gnu.org'),(1197,'615 David Street','AZ','Tucson',58801,'520-433-1742','hdeackes4v@prnewswire.com'),(1198,'66228 Elmside Place','NC','Winston Salem',30231,'336-117-5138','cdanilov4w@msu.edu'),(1199,'328 Towne Court','TX','Garland',7090,'972-877-0524','jlumox4x@alibaba.com'),(1200,'656 Superior Avenue','MS','Biloxi',39444,'228-846-2377','kwainer4y@ucsd.edu'),(1201,'53803 Hudson Lane','NJ','Trenton',49019,'609-128-7143','yriddock4z@tinyurl.com'),(1202,'2 Esker Avenue','CA','Los Angeles',26982,'626-230-7970','cwimes50@nbcnews.com'),(1203,'7051 4th Junction','NV','Las Vegas',13826,'702-734-8279','bchable51@mashable.com'),(1204,'010 Meadow Valley Road','MO','Saint Louis',66079,'314-415-6650','kcalken52@is.gd'),(1205,'1 Mesta Hill','MO','Saint Louis',69007,'314-128-7526','dewings53@themeforest.net'),(1206,'926 Chive Point','FL','Bradenton',13343,'941-352-3117','afronek54@weather.com'),(1207,'150 Surrey Pass','TX','El Paso',95126,'915-957-7296','olamberton55@over-blog.com'),(1208,'97 Northfield Lane','OH','Cleveland',28535,'216-988-5662','cmielnik56@liveinternet.ru'),(1209,'63065 Donald Road','MI','Detroit',18539,'313-530-6434','mliversley57@etsy.com'),(1210,'35101 Harper Hill','SD','Sioux Falls',27976,'605-233-2338','rholbury58@scribd.com'),(1211,'92 Walton Park','ND','Fargo',34362,'701-289-2164','jree59@paginegialle.it'),(1212,'822 Parkside Lane','NJ','Trenton',22055,'609-929-3708','bmulhall5a@berkeley.edu'),(1213,'6 Goodland Trail','AZ','Tucson',18422,'520-460-2392','ccammomile5b@yale.edu'),(1214,'22215 Golden Leaf Street','MI','Detroit',32614,'313-314-1192','jmayberry5c@sitemeter.com'),(1215,'3015 Dwight Court','VA','Lynchburg',2621,'434-104-5457','ljacmard5d@google.com.br'),(1216,'631 Merry Alley','NY','Yonkers',28618,'914-370-8048','xunderdown5e@toplist.cz'),(1217,'8210 Golf Way','DC','Washington',69262,'202-962-7989','wgaw5f@bigcartel.com'),(1218,'05 Harper Road','TX','Dallas',33796,'972-518-4671','ckeer5g@mysql.com'),(1219,'01 Charing Cross Trail','WV','Charleston',69342,'304-455-6677','dhammill5h@de.vu'),(1220,'59853 Graceland Center','DC','Washington',33922,'202-445-1361','ateall5i@myspace.com'),(1221,'72 Forest Run Park','IL','Chicago',9748,'312-215-1500','opayton5j@ustream.tv'),(1222,'03 Tomscot Plaza','TX','Houston',77287,'832-100-9600','eclark5k@ning.com'),(1223,'24 Clyde Gallagher Court','NC','High Point',98467,'336-152-4035','kbissatt5l@thetimes.co.uk'),(1224,'84676 Basil Park','OK','Tulsa',88406,'918-472-0959','anys5m@ycombinator.com'),(1225,'38084 Colorado Center','VA','Virginia Beach',80501,'757-990-4655','jheater5n@ameblo.jp'),(1226,'002 Colorado Crossing','NE','Lincoln',74119,'402-972-9869','wlivezey5o@netvibes.com'),(1227,'002 Green Ridge Trail','CA','North Hollywood',64319,'213-116-3659','csummerson5p@samsung.com'),(1228,'9 Summit Way','TX','Tyler',70582,'903-188-6203','wvitler5q@aol.com'),(1229,'734 Rutledge Center','AZ','Tucson',89950,'520-870-2364','jpoplee5r@ox.ac.uk'),(1230,'4088 Hallows Circle','DC','Washington',54934,'202-301-7575','tspancock5s@europa.eu'),(1231,'50702 Judy Hill','OH','Canton',68940,'330-189-5301','jhorrell5t@goodreads.com'),(1232,'08669 Haas Park','MT','Billings',76073,'406-555-9128','lbonass5u@nifty.com'),(1233,'3 Jay Place','PA','Johnstown',47283,'814-236-2762','mogden5v@flickr.com'),(1234,'5570 Kennedy Point','TN','Nashville',32833,'615-633-2079','gdarkin5w@jalbum.net'),(1235,'94 West Circle','MS','Columbus',21210,'662-818-3145','cgotch5x@vimeo.com'),(1236,'5674 Shasta Terrace','TX','Dallas',93721,'214-286-5574','egayden5y@independent.co.uk'),(1237,'09231 Del Sol Terrace','VA','Richmond',38424,'804-550-2610','hcutford5z@dailymail.co.uk'),(1238,'68022 Ohio Place','LA','New Orleans',43890,'504-726-7069','apeers60@yahoo.co.jp'),(1239,'323 Sage Road','TX','Houston',24714,'281-213-1859','tsemrad61@businesswire.com'),(1240,'9 Sutteridge Plaza','CA','Escondido',60501,'760-486-2866','lelverston62@wsj.com'),(1241,'4696 Muir Place','TX','Houston',10556,'713-975-5675','cbaccas63@reddit.com'),(1242,'46 Dennis Pass','AL','Mobile',18458,'251-768-2548','hskace64@icio.us'),(1243,'9541 Daystar Road','NC','Raleigh',76182,'919-439-6271','sleydon65@amazon.de'),(1244,'39007 Loeprich Pass','NY','New Hyde Park',86049,'516-830-1051','femtage66@sogou.com'),(1245,'4837 Vernon Center','TX','Corpus Christi',43200,'361-115-6664','gwaleworke67@sfgate.com'),(1246,'1 Roth Plaza','GA','Duluth',20183,'770-130-1150','dcastellini68@skyrock.com'),(1247,'6799 Hauk Place','KS','Kansas City',98805,'913-306-8631','ifennessy69@sbwire.com'),(1248,'4478 Hoffman Place','MO','Saint Louis',88857,'314-742-0091','dlatter6a@google.fr'),(1249,'45 Fulton Plaza','MA','Watertown',82936,'857-490-0263','klauridsen6b@friendfeed.com'),(1250,'62 Caliangt Parkway','WA','Olympia',95122,'360-643-0235','blaws6c@oaic.gov.au'),(1251,'82117 Packers Hill','TN','Nashville',13475,'615-229-4953','pbliss6d@xinhuanet.com'),(1252,'54712 Coleman Way','MS','Jackson',47197,'601-215-1663','hshreenan6e@epa.gov'),(1253,'429 1st Drive','FL','Zephyrhills',73521,'813-286-9050','ebernardos6f@furl.net'),(1254,'8055 Nobel Park','SC','Anderson',1934,'864-179-1902','twhitwam6g@nih.gov'),(1255,'78 Mallory Terrace','MI','Ann Arbor',44403,'734-499-5790','wconibeer6h@goo.gl'),(1256,'10401 Shelley Crossing','IN','Evansville',50619,'812-383-6521','trudgard6i@homestead.com'),(1257,'0000 Golf View Drive','TX','Dallas',98736,'214-107-1062','dtoomey6j@foxnews.com'),(1258,'690 Sugar Alley','NE','Omaha',25822,'402-879-9700','phuffer6k@psu.edu'),(1259,'846 Brentwood Hill','IL','Chicago',17933,'312-686-8907','nmougel6l@dot.gov'),(1260,'81894 Sunbrook Trail','NC','Charlotte',37271,'704-305-4401','fmessitt6m@mapquest.com'),(1261,'847 Sauthoff Circle','WA','Olympia',39440,'360-110-7439','ijako6n@histats.com'),(1262,'9086 Parkside Avenue','TX','Dallas',19211,'214-338-7245','shedon6o@theatlantic.com'),(1263,'347 Morrow Court','MD','Baltimore',82056,'410-347-7699','sdanko6p@businessweek.com'),(1264,'9218 Washington Drive','IA','Des Moines',11669,'515-233-2211','dmayo6q@studiopress.com'),(1265,'68 Thackeray Crossing','CA','Fresno',26255,'559-212-1831','rworks6r@dell.com'),(1266,'432 Sunfield Alley','IN','Fort Wayne',43983,'260-254-6463','rfacchini6s@altervista.org'),(1267,'4 West Court','OK','Oklahoma City',18101,'405-159-9377','pgraysmark6t@accuweather.com'),(1268,'02239 Dunning Center','TX','Fort Worth',35164,'682-823-6632','swooding6u@fc2.com'),(1269,'344 Sycamore Parkway','DC','Washington',22396,'202-806-2712','brickword6v@redcross.org'),(1270,'7786 Hauk Crossing','FL','Tampa',12673,'813-864-5943','ftrammel6w@last.fm'),(1271,'947 Waubesa Circle','ID','Pocatello',86313,'208-642-8056','treilingen6x@sourceforge.net'),(1272,'613 Moose Pass','TX','Fort Worth',43825,'682-964-3604','bfawloe6y@ox.ac.uk'),(1273,'72 Kropf Point','MO','Jefferson City',67934,'573-582-5707','gescolme6z@accuweather.com'),(1274,'14987 Basil Circle','AL','Mobile',37231,'251-106-6843','vabbe70@live.com'),(1275,'38977 Katie Junction','TX','Austin',32954,'512-998-6307','rjiri71@sohu.com'),(1276,'5 Fordem Crossing','IL','Rockford',13803,'815-938-0419','gphilcock72@uol.com.br'),(1277,'34316 Mallard Park','FL','Fort Lauderdale',2846,'954-472-7128','avolonte73@pcworld.com'),(1278,'08 Coleman Lane','MD','Silver Spring',74551,'240-878-9550','shutchins74@360.cn'),(1279,'3924 Summit Road','CA','San Jose',91349,'408-290-5006','adimatteo75@independent.co.uk'),(1280,'73 Hayes Pass','CA','Carlsbad',92333,'760-214-4476','jbridgwood76@loc.gov'),(1281,'1 Rusk Way','UT','Ogden',90330,'801-833-5961','ilinguard77@utexas.edu'),(1282,'40 Warrior Lane','FL','Sarasota',94536,'941-824-8587','mcuschieri78@amazon.co.jp'),(1283,'88177 Golf View Parkway','OK','Tulsa',66620,'918-776-7127','blilburne79@fotki.com'),(1284,'91 Victoria Road','MI','Lansing',73959,'517-271-0135','hislep7a@dailymotion.com'),(1285,'9914 Morningstar Pass','VA','Hampton',97208,'757-798-3700','dmigheli7b@cmu.edu'),(1286,'1 Northwestern Terrace','TX','Amarillo',37346,'806-707-7045','mgarn7c@networksolutions.com'),(1287,'8163 Dixon Trail','CA','San Diego',18725,'619-467-7501','mgirsch7d@sakura.ne.jp'),(1288,'63 Emmet Place','IN','Indianapolis',11315,'317-980-9715','lanwell7e@myspace.com'),(1289,'114 Service Avenue','CA','Santa Cruz',56005,'831-802-2528','abunton7f@tmall.com'),(1290,'7163 Lerdahl Terrace','CA','Los Angeles',5751,'213-630-4252','fpolkinhorn7g@vk.com'),(1291,'44 Heffernan Drive','TN','Memphis',47024,'901-550-0025','asnewin7h@blogspot.com'),(1292,'0589 Laurel Alley','DC','Washington',15935,'202-320-9465','vsilkston7i@acquirethisname.com'),(1293,'85 Melby Street','CA','Sacramento',98070,'916-895-0442','rcolaton7j@discuz.net'),(1294,'081 Mccormick Circle','LA','Lake Charles',80713,'337-804-7181','pgiovanni7k@scribd.com'),(1295,'17 Bluestem Pass','LA','New Orleans',77832,'504-854-7903','gglasper7l@tumblr.com'),(1296,'6036 Moulton Drive','ID','Pocatello',55870,'208-541-4192','opaulin7m@jugem.jp'),(1297,'9968 Melrose Alley','PA','Pittsburgh',15180,'724-200-8111','nlince7n@meetup.com'),(1298,'3736 Novick Way','WA','Tacoma',93935,'253-490-6026','dobbard7o@github.io'),(1299,'699 Fieldstone Alley','MA','Boston',60968,'617-370-9329','tchilcotte7p@newsvine.com'),(1300,'022 Surrey Street','AZ','Phoenix',65210,'602-312-3534','bterbeek7q@surveymonkey.com'),(1301,'3 Lunder Lane','CO','Denver',54755,'303-213-6594','csidwick7r@arstechnica.com'),(1302,'1973 Farwell Street','TX','Katy',6791,'832-971-5756','gbarnicott7s@trellian.com'),(1303,'1568 Leroy Pass','NY','Brooklyn',73987,'718-499-9210','hentwhistle7t@mysql.com'),(1304,'8470 Mayfield Terrace','CO','Boulder',52427,'303-281-3321','cfonzone7u@stumbleupon.com'),(1305,'7 Garrison Avenue','CA','Chico',42639,'530-449-1854','orosenstiel7v@istockphoto.com'),(1306,'2674 Shoshone Pass','CA','Burbank',44932,'626-228-9525','rlewins7w@nymag.com'),(1307,'75541 Parkside Terrace','MI','Saginaw',51441,'989-229-2887','cgodlonton7x@pen.io'),(1308,'1656 Hintze Avenue','TX','Houston',13205,'281-549-5313','aseamons7y@issuu.com'),(1309,'274 Roth Junction','CA','San Diego',48724,'760-777-2564','sacaster7z@angelfire.com'),(1310,'743 Summit Street','OH','Dayton',24279,'937-755-1253','ppayze80@google.it'),(1311,'98 Aberg Pass','TX','Amarillo',34509,'806-856-6375','slawlee81@1und1.de'),(1312,'5585 Vermont Street','CA','Fresno',43014,'559-168-3062','mbain82@gmpg.org'),(1313,'34367 Morning Road','UT','Ogden',81777,'801-894-6918','dpeasey83@t-online.de'),(1314,'64 Russell Plaza','OK','Oklahoma City',85931,'405-552-2578','bishaki84@xing.com'),(1315,'695 Sunnyside Center','CT','Stamford',58670,'203-518-7138','jdorkins85@last.fm'),(1316,'0 Judy Crossing','IL','Champaign',94882,'217-663-4751','cissacson86@google.it'),(1317,'8713 Parkside Terrace','FL','Miami',68875,'786-908-1146','vclapp87@xrea.com'),(1318,'0 Katie Place','GA','Alpharetta',4635,'678-955-6804','rbondesen88@ezinearticles.com'),(1319,'558 Pankratz Crossing','DC','Washington',49239,'202-991-6501','ryakebovitch89@youtube.com'),(1320,'0554 8th Center','NV','Reno',31249,'775-459-2281','kayto8a@hatena.ne.jp'),(1321,'37 Coleman Place','NY','New York City',76687,'212-656-3175','rcoase8b@google.com.hk'),(1322,'39875 Messerschmidt Avenue','CA','Stockton',76540,'209-396-2956','rasche8c@mozilla.org'),(1323,'1 Elgar Road','MS','Meridian',27562,'601-281-7998','rrosengart8d@ow.ly'),(1324,'95887 Hayes Point','WI','Milwaukee',33860,'414-711-2562','gelletson8e@hud.gov'),(1325,'81374 Utah Hill','TN','Knoxville',66212,'865-898-8867','ltuffrey8f@51.la'),(1326,'9 Bay Court','OH','Cleveland',7806,'440-652-3653','sgreenman8g@sciencedaily.com'),(1327,'274 6th Road','NY','New York City',48194,'212-222-9363','jdruitt8h@reddit.com'),(1328,'94 Hallows Junction','IN','Fort Wayne',12500,'260-504-5729','asuston8i@prweb.com'),(1329,'60632 Sunbrook Drive','UT','Salt Lake City',30088,'801-114-7663','marchibold8j@mapquest.com'),(1330,'4 Shasta Terrace','CA','Sacramento',13268,'916-446-7162','lswanton8k@joomla.org'),(1331,'2208 Tomscot Avenue','KS','Topeka',58467,'785-717-8650','acayle8l@google.co.uk'),(1332,'8 Carpenter Lane','NV','Henderson',97238,'702-344-3591','kspaingower8m@multiply.com'),(1333,'2 Nobel Court','RI','Providence',47278,'401-454-9058','mharflete8n@feedburner.com'),(1334,'581 Farmco Crossing','NY','Albany',76632,'518-328-9431','dharsum8o@telegraph.co.uk'),(1335,'55432 Roth Drive','MA','Woburn',23901,'339-445-9937','kshatliff8p@discovery.com'),(1336,'72175 Pine View Drive','IL','Chicago',67170,'312-630-7298','mtaffarello8q@1688.com'),(1337,'7938 Stephen Trail','TX','Fort Worth',50935,'682-624-0984','svipan8r@google.cn'),(1338,'582 Pepper Wood Drive','KS','Shawnee Mission',36718,'913-264-6619','gwinkworth8s@creativecommons.org'),(1339,'5131 Mosinee Center','AZ','Gilbert',5347,'602-500-3357','ogreenaway8t@arizona.edu'),(1340,'4 Messerschmidt Parkway','CA','San Jose',98930,'408-204-4874','jsimpkiss8u@webmd.com'),(1341,'749 Harbort Parkway','VA','Norfolk',29178,'757-612-7925','mdunstan8v@miitbeian.gov.cn'),(1342,'4711 Hermina Point','GA','Atlanta',14976,'404-998-4861','mstearn8w@shinystat.com'),(1343,'42 Sherman Circle','AZ','Prescott',79233,'928-187-3717','rhollyer8x@businessweek.com'),(1344,'8923 Muir Avenue','MO','Kansas City',69086,'816-320-0872','kbickersteth8y@biblegateway.com'),(1345,'7 Armistice Trail','TX','Dallas',26139,'214-306-4153','pkacheler8z@delicious.com'),(1346,'2709 Shasta Pass','OR','Portland',71544,'971-326-1870','mbyfford90@oaic.gov.au'),(1347,'2 Golf Course Center','CA','Stockton',57724,'209-135-5851','oscotchbourouge91@live.com'),(1348,'3829 Mifflin Trail','MA','Boston',18835,'617-587-4100','bmccathie92@mlb.com'),(1349,'7832 Debs Center','MD','Bethesda',42118,'202-949-4812','amaudsley93@devhub.com'),(1350,'499 Green Ridge Pass','WV','Huntington',93121,'304-214-1043','msibylla94@dailymail.co.uk'),(1351,'9 Dovetail Circle','SC','Anderson',73214,'864-618-0139','rwhitebrook95@1und1.de'),(1352,'949 Merry Lane','CA','San Diego',92831,'619-370-8153','spendlebery96@hubpages.com'),(1353,'866 Elmside Road','FL','Jacksonville',27720,'904-661-1094','ddonahue97@vistaprint.com'),(1354,'1 Quincy Way','CT','Waterbury',53894,'203-337-6386','bjenkin98@livejournal.com'),(1355,'4955 Paget Pass','NY','Rochester',87953,'585-855-4230','bveazey99@acquirethisname.com'),(1356,'626 Weeping Birch Trail','CA','Los Angeles',6331,'323-165-0297','kglencrosche9a@addtoany.com'),(1357,'9505 Washington Drive','AZ','Apache Junction',2582,'480-744-2626','bdixsee9b@marketwatch.com'),(1358,'6561 Rutledge Parkway','IN','Crawfordsville',18067,'765-500-1728','shetterich9c@imgur.com'),(1359,'878 4th Lane','DC','Washington',63427,'202-343-3337','gmuschette9d@deviantart.com'),(1360,'097 Charing Cross Park','OH','Cincinnati',89193,'513-702-9390','mpaternoster9e@nsw.gov.au'),(1361,'7746 Randy Drive','TX','El Paso',62379,'915-842-6674','rthys9f@shutterfly.com'),(1362,'16 Saint Paul Junction','MO','Saint Louis',58536,'314-680-0794','vtorrie9g@bluehost.com'),(1363,'5 Goodland Street','TN','Nashville',27578,'615-695-3466','adaffey9h@cdbaby.com'),(1364,'442 Farwell Drive','PA','Wilkes Barre',34269,'570-574-6790','asilverton9i@ebay.co.uk'),(1365,'23399 Claremont Place','MI','Midland',80064,'989-549-4708','eosgarby9j@friendfeed.com'),(1366,'05739 Eastlawn Pass','AL','Huntsville',39556,'256-342-7769','rhainey9k@360.cn'),(1367,'20221 Tomscot Trail','CA','Stockton',60864,'209-270-2922','pshipperbottom9l@cam.ac.uk'),(1368,'37738 Thackeray Crossing','NC','Charlotte',31559,'704-567-3696','gsich9m@examiner.com'),(1369,'83319 Doe Crossing Crossing','AR','Hot Springs National Park',61167,'501-574-4874','rkoschke9n@redcross.org'),(1370,'6 Stang Road','IL','Peoria',34170,'309-642-1656','arodenburg9o@adobe.com'),(1371,'24264 Golf Point','NY','Albany',56069,'518-459-6704','kllorente9p@nifty.com'),(1372,'788 Main Center','CT','Hartford',88020,'860-737-2075','ddoubleday9q@google.com'),(1373,'03382 Nevada Street','VA','Chesapeake',87102,'757-717-1633','cdominguez9r@yolasite.com'),(1374,'434 Superior Way','AZ','Tucson',1278,'520-200-6803','edanilevich9s@spotify.com'),(1375,'690 Superior Place','DC','Washington',3852,'202-696-7438','fkiledal9t@theatlantic.com'),(1376,'66626 Knutson Road','CA','Santa Cruz',10807,'831-656-5629','nlyfe9u@qq.com'),(1377,'57 Moland Avenue','IL','Springfield',9276,'217-199-9231','bmedlar9v@diigo.com'),(1378,'4 Hauk Hill','DC','Washington',76250,'202-406-0628','sjessope9w@reuters.com'),(1379,'87793 Trailsway Trail','MO','Columbia',20286,'573-342-7435','lpach9x@kickstarter.com'),(1380,'2 Glacier Hill Parkway','TX','Austin',55449,'512-384-2960','rdawber9y@i2i.jp'),(1381,'89072 Sycamore Junction','NE','Lincoln',58060,'402-167-4516','trhelton9z@yelp.com'),(1382,'26345 American Avenue','AZ','Tucson',46462,'520-193-5060','rcapaldoa0@psu.edu'),(1383,'8965 Hagan Circle','CA','San Jose',94198,'408-501-5889','gsambecka1@bigcartel.com'),(1384,'85 Daystar Terrace','CA','Santa Clara',43323,'949-491-5956','nodoogana2@printfriendly.com'),(1385,'4648 Messerschmidt Court','MO','Saint Louis',97288,'314-164-4080','ikhrishtafovicha3@icio.us'),(1386,'30 Warrior Way','LA','New Orleans',3413,'504-950-5133','jmilsteada4@census.gov'),(1387,'84228 Ruskin Alley','NY','New York City',26617,'646-601-8194','ftyndalla5@is.gd'),(1388,'41 Thackeray Pass','OH','Columbus',21794,'513-606-7505','mcrostera6@uol.com.br'),(1389,'7 5th Plaza','CA','Los Angeles',77372,'323-281-6528','jshaftoa7@themeforest.net'),(1390,'17 Paget Crossing','WI','Racine',61402,'262-360-3652','adavidsena8@howstuffworks.com'),(1391,'01673 Meadow Vale Pass','SC','Charleston',34165,'843-756-8320','jswetmana9@plala.or.jp'),(1392,'65199 Nancy Road','WI','Milwaukee',64185,'414-414-0510','adegreyaa@sakura.ne.jp'),(1393,'8 Manley Road','TX','Houston',77881,'832-901-4283','bhorsfieldab@vk.com'),(1394,'0 Waywood Park','GA','Alpharetta',70388,'404-535-6044','npaganac@blogspot.com'),(1395,'8110 Porter Point','WI','Milwaukee',51459,'414-691-8062','aduganad@parallels.com'),(1396,'16 Starling Road','GA','Atlanta',47422,'404-395-3046','hbatemanae@elegantthemes.com'),(1397,'3 Arkansas Pass','WI','Racine',26857,'262-388-9275','gknottonaf@nsw.gov.au'),(1398,'45459 Fuller Court','HI','Honolulu',7419,'808-712-4671','fgounelag@wordpress.com'),(1399,'902 Ramsey Court','NE','Omaha',95990,'402-590-5829','elomathah@mozilla.com'),(1400,'68 Butternut Alley','NE','Omaha',7255,'402-875-4808','qfarriesai@bloglovin.com'),(1401,'08 David Parkway','CA','Sacramento',50155,'916-179-5921','rdemougeotaj@photobucket.com'),(1402,'52820 Forest Dale Place','PA','Harrisburg',10348,'717-271-5827','idobingak@com.com'),(1403,'61569 Jenifer Lane','TX','Arlington',8088,'214-603-2467','bcruceal@blogs.com'),(1404,'77613 Scoville Road','CT','Norwalk',74861,'203-969-9676','swaudbyam@nyu.edu'),(1405,'2 Delaware Park','NE','Omaha',77380,'402-209-4121','daustonan@oaic.gov.au'),(1406,'861 Pine View Center','IL','Chicago',83500,'312-282-6865','fcastagnaao@latimes.com'),(1407,'30 Tony Lane','OH','Cincinnati',12131,'513-626-4159','odenesap@icq.com'),(1408,'8310 Duke Park','OK','Tulsa',74449,'918-458-0509','obogeyaq@nyu.edu'),(1409,'9657 Stone Corner Parkway','CO','Colorado Springs',96238,'719-182-7665','bledwardar@bizjournals.com'),(1410,'390 Little Fleur Hill','WV','Huntington',78367,'304-853-9727','mleslieas@google.co.jp'),(1411,'66 Hooker Circle','IL','Peoria',58976,'309-384-7242','cobingtonat@stumbleupon.com'),(1412,'66 Village Lane','ND','Fargo',38342,'701-533-6706','agoschalkau@dion.ne.jp'),(1413,'274 Center Circle','TX','Dallas',84837,'214-579-1032','nperryav@yandex.ru'),(1414,'922 Cascade Pass','CA','Berkeley',80961,'510-450-6129','xandragaw@gravatar.com'),(1415,'072 Dixon Court','AL','Huntsville',1504,'256-132-1990','bfriedenbachax@naver.com'),(1416,'2949 Mendota Court','KY','Lexington',546,'859-459-9930','hbulleray@barnesandnoble.com'),(1417,'05 Oakridge Road','IL','Palatine',83419,'847-446-7173','jelingtonaz@pcworld.com'),(1418,'2 Tennyson Drive','AR','North Little Rock',21155,'501-976-9419','lgreatedb0@telegraph.co.uk'),(1419,'35 Bultman Pass','IL','Peoria',65910,'309-647-1581','ihawkshawb1@craigslist.org'),(1420,'61402 High Crossing Road','AL','Huntsville',91481,'256-533-2666','saickenb2@creativecommons.org'),(1421,'4230 Moland Park','OK','Tulsa',60519,'918-570-7973','smcwardb3@aboutads.info'),(1422,'27 Kensington Alley','GA','Atlanta',72020,'404-699-6020','pfyldesb4@google.cn'),(1423,'963 Crescent Oaks Junction','MN','Minneapolis',77941,'612-912-4281','uletsonb5@ftc.gov'),(1424,'87 Pearson Center','PA','Philadelphia',12606,'215-503-7974','rbaldryb6@blogs.com'),(1425,'49 Melrose Parkway','NY','Staten Island',25172,'718-103-7938','ljackesb7@ted.com'),(1426,'1405 Burning Wood Center','PA','Philadelphia',85664,'215-487-2875','cpfefferb8@360.cn'),(1427,'0900 North Alley','NY','New York City',55042,'212-389-8002','bashnessb9@dmoz.org'),(1428,'7 North Alley','WA','Tacoma',45952,'253-403-4290','ehumbyba@behance.net'),(1429,'179 Kingsford Pass','MN','Young America',87479,'952-747-6786','lparsellbb@icio.us'),(1430,'037 Kingsford Place','WI','Milwaukee',92473,'414-940-2535','janelaybc@ow.ly'),(1431,'48 Morningstar Place','DC','Washington',91168,'202-575-3301','mperrittbd@skyrock.com'),(1432,'42708 Kropf Street','CO','Boulder',40800,'303-909-5476','tgarronbe@icio.us'),(1433,'70614 Ilene Plaza','MD','Baltimore',9261,'410-281-9710','rhuckelbf@histats.com'),(1434,'874 Cambridge Hill','CA','San Diego',6103,'858-726-7911','cchismanbg@tuttocitta.it'),(1435,'7807 Hermina Place','TX','El Paso',48716,'915-760-2484','ceverixbh@ask.com'),(1436,'82995 Dwight Circle','DC','Washington',91555,'202-988-0309','mcardallbi@abc.net.au'),(1437,'4384 Darwin Parkway','WI','Racine',69971,'262-812-7260','nnorthenbj@oakley.com'),(1438,'2614 Fuller Alley','CA','San Francisco',96764,'415-681-1529','dashnessbk@wikispaces.com'),(1439,'63243 Green Ridge Junction','VA','Virginia Beach',11375,'757-412-8102','tpringerbl@apple.com'),(1440,'4 Golf Course Plaza','GA','Atlanta',54359,'404-979-7072','ktaffiebm@list-manage.com'),(1441,'8519 Lakewood Pass','OK','Oklahoma City',19816,'405-740-4689','mbrientbn@si.edu'),(1442,'07902 Graedel Crossing','TX','Dallas',88005,'214-445-5654','rgorringebo@army.mil'),(1443,'06582 Browning Junction','NV','Reno',2314,'775-718-0036','fspurrettbp@patch.com'),(1444,'026 Park Meadow Pass','SC','Myrtle Beach',62972,'843-701-2148','amanvellbq@apple.com'),(1445,'2 Oakridge Drive','WI','Madison',11398,'608-811-1726','cdidballbr@deviantart.com'),(1446,'7 Donald Hill','CO','Colorado Springs',63754,'719-164-9816','bkettlebs@furl.net'),(1447,'850 Commercial Center','IN','Indianapolis',2083,'317-202-0147','jcircuitbt@elegantthemes.com'),(1448,'0046 Blaine Point','MO','Kansas City',78649,'816-856-1366','dmccamishbu@pinterest.com'),(1449,'4 Loeprich Court','NY','Rochester',29957,'585-309-7937','dwadesonbv@eventbrite.com'),(1450,'8758 Roth Alley','ND','Bismarck',35316,'701-155-5592','bcrosgrovebw@woothemes.com'),(1451,'47658 Ridgeway Trail','OH','Youngstown',43651,'330-706-1158','agodbeherebx@php.net'),(1452,'4616 Lotheville Court','OH','Dayton',84686,'937-609-9596','klinskeyby@moonfruit.com'),(1453,'72239 Calypso Pass','TX','El Paso',48760,'915-803-3897','eredleybz@dailymotion.com'),(1454,'8 8th Plaza','NM','Albuquerque',24259,'505-590-3761','thalwardc0@amazon.de'),(1455,'5 Pepper Wood Avenue','AR','Little Rock',75920,'501-361-6724','cbedsonc1@slideshare.net'),(1456,'16 Pine View Park','OH','Columbus',29384,'513-167-1070','syolec2@wiley.com'),(1457,'6630 Del Mar Avenue','KY','Louisville',20616,'502-669-3239','akersleyc3@cnn.com'),(1458,'91 Cherokee Pass','MS','Jackson',83843,'601-376-1868','hsutterfieldc4@howstuffworks.com'),(1459,'7 8th Crossing','PA','Reading',22566,'484-341-9560','jmiskimmonc5@omniture.com'),(1460,'65 High Crossing Road','FL','Miami',16994,'786-873-7147','hkleislec6@abc.net.au'),(1461,'451 New Castle Parkway','SC','Columbia',92700,'803-829-9084','cmcguanec7@skyrock.com'),(1462,'54561 Delladonna Hill','MA','Springfield',63674,'413-644-2330','vhanfreyc8@cbc.ca'),(1463,'97541 Bartelt Avenue','KY','Louisville',6310,'502-557-4018','arhoadesc9@seesaa.net'),(1464,'02 Menomonie Parkway','WI','Madison',2507,'608-130-0390','adaniellica@cloudflare.com'),(1465,'5439 Stone Corner Point','TX','El Paso',71109,'915-375-7548','kmechicb@huffingtonpost.com'),(1466,'75 Scoville Park','TN','Knoxville',60209,'865-894-5154','ehavillcc@go.com'),(1467,'729 Ridgeway Trail','IL','Peoria',99739,'309-585-1606','jpyercd@umn.edu'),(1468,'91 Brickson Park Avenue','FL','West Palm Beach',71229,'561-863-4149','lhellikesce@timesonline.co.uk'),(1469,'5508 Evergreen Center','FL','Largo',78692,'727-887-9387','llittrellcf@comcast.net'),(1470,'20 David Park','PA','Pittsburgh',122,'412-931-9417','korteaucg@nhs.uk'),(1471,'833 Sherman Junction','TX','Longview',55891,'903-497-0933','tcammiemilech@eepurl.com'),(1472,'13700 Veith Place','WI','Milwaukee',34704,'414-686-3622','mrohmerci@epa.gov'),(1473,'4 Luster Place','TX','Houston',97364,'832-695-0607','maldinscj@de.vu'),(1474,'70 Sullivan Pass','TX','Corpus Christi',24713,'361-911-7906','elegallock@statcounter.com'),(1475,'25 Banding Road','CA','Fresno',96749,'209-258-4242','dcolegrovecl@unicef.org'),(1476,'616 Dahle Plaza','NY','Albany',45862,'518-399-8266','fdendoncm@youtu.be'),(1477,'51412 Hoffman Drive','GA','Atlanta',56043,'404-715-1102','dlynncn@smugmug.com'),(1478,'00386 Portage Court','GA','Atlanta',28488,'404-292-1160','hdebleco@tamu.edu'),(1479,'922 Heffernan Point','IA','Des Moines',9619,'515-580-6863','wbartheletcp@yahoo.co.jp'),(1480,'0 Golf Course Hill','PA','Philadelphia',48825,'215-178-5653','smangeoncq@amazon.co.jp'),(1481,'01 Hanson Plaza','AL','Mobile',99703,'251-377-0813','bhairecr@harvard.edu'),(1482,'7113 Texas Park','NY','Brooklyn',93262,'212-441-1265','dclutramcs@cisco.com'),(1483,'81952 Pearson Drive','AK','Juneau',56728,'907-291-3996','jcoggellct@usatoday.com'),(1484,'02 Sullivan Court','MA','Boston',53049,'978-309-6549','rdiruggierocu@geocities.jp'),(1485,'84 Fordem Hill','CA','Long Beach',86223,'562-819-4855','bcastendacv@hhs.gov'),(1486,'73 Cody Parkway','IN','Fort Wayne',56326,'260-140-9900','tmacmeartycw@multiply.com'),(1487,'4485 Brentwood Point','NC','Charlotte',56742,'704-664-3333','cfurmingercx@sourceforge.net'),(1488,'890 International Junction','VA','Norfolk',88524,'757-157-1481','nchivertoncy@merriam-webster.com'),(1489,'27 Jenifer Street','FL','Spring Hill',26141,'352-802-5677','thargravescz@msn.com'),(1490,'501 Mccormick Alley','DC','Washington',34195,'202-776-1790','bsadatd0@goo.ne.jp'),(1491,'4686 Declaration Pass','NJ','New Brunswick',8795,'732-605-6311','bosherrind1@naver.com'),(1492,'9838 Cody Plaza','IN','Indianapolis',37570,'317-744-2372','afrigotd2@engadget.com'),(1493,'18 7th Center','PA','Lancaster',1782,'717-423-1395','nmattheisd3@t.co'),(1494,'634 Gateway Lane','FL','Lake Worth',83954,'561-658-3252','vdiblingd4@yelp.com'),(1495,'321 6th Street','CA','Salinas',99988,'831-129-2331','jcaleyd5@t.co'),(1496,'0077 Marcy Plaza','TX','Houston',14933,'713-986-7708','rvynarded6@google.cn'),(1497,'76 Tomscot Alley','IN','Indianapolis',2339,'317-675-0165','evischid7@jiathis.com'),(1498,'91 Old Gate Crossing','VA','Arlington',75076,'571-735-2806','lgiroldid8@tamu.edu'),(1499,'30574 Old Shore Alley','CT','New Haven',34552,'203-614-5726','rbastided9@wp.com'),(1500,'8 Fulton Avenue','NC','Charlotte',94236,'704-688-6108','mpellmanda@dagondesign.com'),(1501,'5 Crowley Drive','GA','Macon',36102,'478-109-3479','ceareydb@naver.com'),(1502,'778 Dorton Pass','CA','Van Nuys',79805,'213-982-0084','cwiburndc@marketwatch.com'),(1503,'87423 Eastlawn Pass','KY','Migrate',70309,'502-907-9911','bpassmandd@tamu.edu'),(1504,'73059 Ludington Parkway','GA','Atlanta',21491,'404-307-2410','pyellde@nbcnews.com'),(1505,'53 Eagan Junction','TX','Houston',76385,'713-674-7092','aregodf@goo.gl'),(1506,'53964 Reinke Way','WV','Huntington',54260,'304-715-8677','npeakerdg@123-reg.co.uk'),(1507,'72 Hagan Road','CA','Sacramento',20734,'916-934-2705','asalterdh@independent.co.uk'),(1508,'623 Kensington Center','GA','Atlanta',46008,'404-470-3089','pderrdi@cnet.com'),(1509,'75287 Cody Parkway','FL','Melbourne',10307,'321-766-5467','akynochdj@sohu.com'),(1510,'791 Packers Hill','NY','Great Neck',94367,'516-541-7453','lwiddisondk@weibo.com'),(1511,'2 Stang Lane','MD','Silver Spring',8540,'202-374-9337','myellopdl@tinypic.com'),(1512,'10966 Dixon Drive','HI','Honolulu',32241,'808-486-7150','mchestneydm@theatlantic.com'),(1513,'51 Burrows Circle','KY','Lexington',86469,'859-520-7115','hblanddn@elegantthemes.com'),(1514,'8 Jay Way','TX','Houston',69631,'713-724-2952','rlarderotdo@nifty.com'),(1515,'9355 Gateway Street','VA','Virginia Beach',72279,'757-462-6666','ybrozekdp@utexas.edu'),(1516,'42892 Village Parkway','VA','Roanoke',78183,'540-202-6403','falbasinidq@geocities.jp'),(1517,'4 Straubel Court','FL','Largo',74878,'727-557-8036','mrzehordr@cam.ac.uk'),(1518,'84 Northfield Plaza','IA','Cedar Rapids',10857,'319-446-7218','egrishelyovds@so-net.ne.jp'),(1519,'2 Harbort Plaza','NC','Gastonia',44158,'704-471-1279','lfumagallidt@addtoany.com'),(1520,'539 Melby Drive','GA','Atlanta',14482,'678-633-8997','scleimentdu@xing.com'),(1521,'3 Dunning Court','NJ','Newark',74756,'973-881-2223','lofallonedv@constantcontact.com'),(1522,'511 Commercial Hill','CA','South Lake Tahoe',96723,'530-104-4404','jgreensittdw@merriam-webster.com'),(1523,'1589 Mallard Pass','VA','Reston',59042,'703-296-2108','mdunbavindx@merriam-webster.com'),(1524,'3 Springview Place','AL','Huntsville',55482,'256-363-7592','ctilsondy@ifeng.com'),(1525,'34 Forest Dale Avenue','CA','Santa Barbara',38408,'702-270-4872','omackneydz@slideshare.net'),(1526,'1 Corry Alley','TX','Houston',89869,'281-725-5665','lkilbeee0@mtv.com'),(1527,'361 Loomis Trail','CA','Los Angeles',95640,'323-123-7458','aoverstalle1@stanford.edu'),(1528,'13186 Evergreen Road','MS','Jackson',14405,'601-425-9652','waujeane2@fastcompany.com'),(1529,'159 Gale Avenue','NY','Rochester',43861,'585-742-4448','sgyorffye3@technorati.com'),(1530,'288 Packers Drive','NC','Charlotte',52821,'704-812-2282','baxelbeye4@gravatar.com'),(1531,'92 Scofield Parkway','CT','West Hartford',51068,'860-972-2788','kmcharge5@bbb.org'),(1532,'99574 Onsgard Road','MI','Warren',51255,'586-923-4479','ccolwelle6@furl.net'),(1533,'10 Dayton Terrace','IL','Chicago',24222,'312-177-9319','dcollingwoode7@auda.org.au'),(1534,'1 Rigney Court','FL','Bradenton',6702,'941-556-9326','lswatmane8@artisteer.com'),(1535,'7116 Ridge Oak Place','GA','Atlanta',30207,'404-826-2171','mbesselle9@wikispaces.com'),(1536,'6187 John Wall Terrace','PA','Harrisburg',54754,'717-840-3432','tateggartea@google.co.jp'),(1537,'838 Barnett Court','TX','Wichita Falls',11976,'940-416-2525','hcarnegieeb@fastcompany.com'),(1538,'3 Sycamore Junction','FL','Lake Worth',89088,'561-214-7931','hornellsec@about.me'),(1539,'96 Logan Pass','KS','Wichita',65946,'316-850-6847','zfishbourned@wiley.com'),(1540,'60 David Road','IL','Chicago',86780,'312-190-7327','dlyndonee@bandcamp.com'),(1541,'0 Barby Hill','OR','Portland',65679,'971-907-2601','agerrelsef@cocolog-nifty.com'),(1542,'9824 Jackson Parkway','AR','North Little Rock',7879,'501-234-0437','kbottonereg@spotify.com'),(1543,'9190 Doe Crossing Circle','NJ','Jersey City',69187,'551-806-7988','atofanellieh@storify.com'),(1544,'5 Eagle Crest Way','DC','Washington',69428,'202-762-4418','mbomfieldei@pen.io'),(1545,'6673 Tennessee Court','CT','Hartford',46390,'860-319-4930','jsammarsej@mac.com'),(1546,'54 Katie Street','CA','Bakersfield',81463,'661-470-6628','tbarffek@whitehouse.gov'),(1547,'693 2nd Parkway','IL','Palatine',36320,'847-387-9317','dbilleel@alexa.com'),(1548,'38 Acker Drive','TX','San Antonio',63720,'210-775-1407','esimmonsem@google.fr'),(1549,'95 Messerschmidt Plaza','OK','Tulsa',78523,'918-531-5680','fibbotten@seesaa.net'),(1550,'248 Dahle Place','CA','Santa Ana',89643,'714-557-7853','gchadeo@tripod.com'),(1551,'9 Moulton Trail','OH','Columbus',74713,'614-395-5298','bsommerlingep@mayoclinic.com'),(1552,'61584 Fremont Parkway','DC','Washington',9673,'202-503-2419','jlyvoneq@weather.com'),(1553,'60237 Everett Terrace','CA','Sacramento',33676,'916-215-6733','fmacdonalder@google.de'),(1554,'144 Scott Pass','MO','Independence',72962,'816-585-9711','tmillses@go.com'),(1555,'1983 La Follette Crossing','NC','Durham',92325,'919-465-7659','khazeupet@samsung.com'),(1556,'379 Bunker Hill Parkway','FL','Naples',44631,'239-720-9823','nheinseneu@rambler.ru'),(1557,'8858 Truax Park','HI','Honolulu',88581,'808-372-4926','aadamsenev@people.com.cn'),(1558,'43 Dennis Junction','MI','Muskegon',65475,'231-762-3454','gantonatew@army.mil'),(1559,'6161 Shoshone Terrace','MN','Saint Paul',2374,'651-122-2544','fmaccombeex@vimeo.com'),(1560,'0 Oak Pass','LA','New Orleans',37821,'504-637-3611','rduffettey@storify.com'),(1561,'48 Vahlen Trail','MI','Grand Rapids',454,'616-332-2080','aheidenez@ucsd.edu'),(1562,'8035 Johnson Parkway','IA','Davenport',72253,'563-901-6312','achalonerf0@apple.com'),(1563,'46801 Monica Plaza','RI','Providence',13626,'401-424-5985','bfallf1@cloudflare.com'),(1564,'223 International Way','IL','Peoria',3272,'309-979-0653','mmctaggartf2@abc.net.au'),(1565,'58154 Shoshone Parkway','CA','Bakersfield',5266,'661-585-5832','bbrunonef3@sina.com.cn'),(1566,'6732 Thierer Junction','TX','Spring',86184,'281-243-6771','jcousensf4@slashdot.org'),(1567,'01938 Nevada Terrace','WI','Madison',2572,'608-509-3605','btumberf5@mayoclinic.com'),(1568,'77969 Arrowood Junction','IA','Cedar Rapids',79460,'319-636-4114','fsprakesf6@mayoclinic.com'),(1569,'07 Canary Plaza','GA','Atlanta',42380,'770-817-5523','bgiovaniziof7@bbc.co.uk'),(1570,'541 Dexter Place','TX','Fort Worth',18210,'817-834-7499','bpattendenf8@tamu.edu'),(1571,'17 Miller Road','CA','Santa Cruz',38931,'831-442-7435','bedgeworthf9@redcross.org'),(1572,'75 Corben Park','VA','Richmond',70911,'804-710-6293','giglesiafa@phoca.cz'),(1573,'8 Kings Plaza','OK','Tulsa',80970,'918-739-2574','gkuhntfb@mail.ru'),(1574,'7 Burrows Way','CA','Pasadena',283,'626-940-7343','cstrangewayfc@forbes.com'),(1575,'84 Eastlawn Street','NM','Albuquerque',82109,'505-703-0667','cbiancofd@irs.gov'),(1576,'7 Schiller Circle','AL','Mobile',94924,'251-904-0831','rmacelroyfe@barnesandnoble.com'),(1577,'99040 Gulseth Road','MI','Lansing',74113,'517-543-6957','mfromeff@yellowbook.com'),(1578,'8 Hayes Way','TX','Corpus Christi',63710,'361-149-2597','bmuckloefg@live.com'),(1579,'958 Garrison Crossing','WI','Milwaukee',1658,'414-889-6009','jcalderonfh@redcross.org'),(1580,'6 Nevada Trail','NY','New York City',75713,'718-312-7726','bvallenderfi@theguardian.com'),(1581,'8 5th Terrace','NY','Rochester',86948,'585-365-9910','arogeronfj@weibo.com'),(1582,'878 Gateway Place','TX','Houston',19434,'713-539-4513','gbootesfk@nhs.uk'),(1583,'24032 Loeprich Parkway','SC','Columbia',30822,'803-321-9418','egarkenfl@arizona.edu'),(1584,'8692 Browning Parkway','UT','Ogden',41280,'801-474-2675','aarendfm@infoseek.co.jp'),(1585,'6673 Derek Plaza','TX','Dallas',92793,'469-555-2438','yautiefn@imgur.com'),(1586,'144 Thackeray Hill','VA','Alexandria',70676,'571-655-9676','pnaulfo@vkontakte.ru'),(1587,'69628 Holmberg Drive','FL','Tampa',25069,'813-119-1372','inokefp@fda.gov'),(1588,'7 Iowa Way','OH','Cincinnati',3400,'513-554-7898','cyockneyfq@dedecms.com'),(1589,'9595 Barby Terrace','FL','Bradenton',39061,'941-749-0422','tstandringfr@foxnews.com'),(1590,'27 Vermont Hill','CA','Stockton',32643,'209-164-4456','cmacneishfs@amazon.de'),(1591,'85 Pankratz Trail','CA','San Jose',73723,'408-688-3175','lgalvinft@reverbnation.com'),(1592,'51484 Heffernan Terrace','MA','Boston',94612,'617-924-2191','bdelnevofu@auda.org.au'),(1593,'5 Service Way','AZ','Phoenix',48587,'602-946-4353','kcherrisonfv@bbb.org'),(1594,'525 Derek Drive','NM','Albuquerque',51702,'505-120-7348','rpavlatafw@nationalgeographic.com'),(1595,'3780 Village Hill','IA','Sioux City',37990,'712-156-2908','mhaversonfx@eepurl.com'),(1596,'19 Buell Street','ND','Grand Forks',7548,'701-942-5991','kblyfy@cpanel.net'),(1597,'5415 Lyons Center','WV','Huntington',27762,'304-249-3377','rmogiefz@businessweek.com'),(1598,'16 Derek Trail','IL','Champaign',86631,'217-945-2764','gagarg0@tripadvisor.com'),(1599,'18 Porter Circle','NY','Rochester',719,'585-521-8742','gmabbeg1@statcounter.com'),(1600,'75269 Blue Bill Park Plaza','PA','Pittsburgh',15370,'412-425-3654','gbathag2@time.com'),(1601,'2 Mcbride Road','VA','Arlington',98943,'571-389-3909','lrosbothamg3@squidoo.com'),(1602,'7628 Colorado Center','VA','Virginia Beach',77613,'757-292-1812','bhrinishing4@51.la'),(1603,'14486 Lakewood Gardens Center','HI','Honolulu',83752,'808-416-9182','rvanweedenburgg5@taobao.com'),(1604,'3740 Merry Parkway','TX','Dallas',69230,'972-603-3092','blideardg6@creativecommons.org'),(1605,'24 Luster Circle','TX','El Paso',93885,'915-821-8408','dcockshutg7@miibeian.gov.cn'),(1606,'78 Bartillon Plaza','MN','Minneapolis',57888,'763-143-5034','lhowlerg8@nationalgeographic.com'),(1607,'1977 Victoria Street','FL','Saint Petersburg',45618,'727-657-7945','ofokerg9@wordpress.com'),(1608,'483 Mcguire Drive','MO','Kansas City',93512,'816-332-1919','npetruszkaga@typepad.com'),(1609,'0 Macpherson Hill','FL','Naples',29880,'239-453-2551','mmuzzullogb@chronoengine.com'),(1610,'7696 Mesta Terrace','PA','Erie',64110,'814-667-1390','mbuggegc@imgur.com'),(1611,'40 Hoffman Way','WV','Charleston',24215,'304-968-4043','gbushelgd@people.com.cn'),(1612,'71782 Northridge Street','OH','Hamilton',17424,'937-977-9800','enoltonge@php.net'),(1613,'750 Macpherson Pass','CA','Long Beach',11895,'562-519-3720','awiddowfieldgf@ebay.co.uk'),(1614,'34 Bonner Pass','IL','Chicago',61112,'312-969-9437','cbyrnesgg@arizona.edu'),(1615,'273 Crescent Oaks Parkway','PA','Philadelphia',72727,'267-903-7939','bvaughngh@slate.com'),(1616,'54 Swallow Point','CA','San Luis Obispo',19858,'805-780-9908','dflipsgi@craigslist.org'),(1617,'2 Lakewood Way','NC','Wilmington',11393,'910-612-9091','vwibrewgj@go.com'),(1618,'22 Mosinee Center','PA','Pittsburgh',42180,'412-743-0050','spapworthgk@slate.com'),(1619,'34 Talisman Way','WA','Spokane',36230,'509-940-4981','grapingl@1688.com'),(1620,'0 Roth Center','KS','Topeka',19375,'785-980-2041','tlaymangm@google.pl'),(1621,'099 Arapahoe Hill','NC','Raleigh',825,'919-119-3852','jhollingsbygn@photobucket.com'),(1622,'8 Milwaukee Street','IA','Des Moines',78319,'515-767-4605','hchaffeygo@bloglines.com'),(1623,'6137 Drewry Terrace','IL','Peoria',1196,'309-511-3737','jrivelingp@xinhuanet.com'),(1624,'5 Corben Court','CA','Visalia',9797,'209-718-9513','pnettigq@w3.org'),(1625,'145 Fallview Lane','MA','Boston',64740,'617-925-9166','ncelliergr@nytimes.com'),(1626,'420 Lakeland Road','TX','Spring',85569,'281-845-8984','abridgemangs@squidoo.com'),(1627,'47034 North Terrace','AL','Montgomery',55278,'334-476-7151','scoldhamgt@ezinearticles.com'),(1628,'2 Veith Place','CA','Irvine',18235,'714-930-6913','lscallygu@oakley.com'),(1629,'302 Oak Valley Plaza','LA','Baton Rouge',71738,'225-412-6470','ajellingsgv@oracle.com'),(1630,'54 Schurz Place','TX','Dallas',24687,'214-839-3026','dhayergw@nytimes.com'),(1631,'46 Magdeline Drive','CA','Sacramento',25434,'916-462-9967','roliphardgx@blog.com'),(1632,'302 Moose Crossing','TX','Austin',53405,'512-179-7358','gmolyneauxgy@delicious.com'),(1633,'9 Harbort Street','VA','Alexandria',83869,'703-802-0595','sludgategz@bravesites.com'),(1634,'6552 Jackson Court','DC','Washington',12420,'202-522-2451','sduchateauh0@t.co'),(1635,'9 Birchwood Hill','NC','Winston Salem',76295,'336-504-7563','bchatainh1@myspace.com'),(1636,'7 Upham Point','TX','El Paso',38606,'915-488-4338','avaudh2@dedecms.com'),(1637,'1 Valley Edge Center','TX','Dallas',53771,'469-511-4373','wgroseh3@fc2.com'),(1638,'6 Basil Junction','CO','Colorado Springs',1257,'719-995-5555','tdsouzah4@weebly.com'),(1639,'09152 Gateway Place','AK','Anchorage',59660,'907-789-3148','ehowish5@ocn.ne.jp'),(1640,'7 Norway Maple Park','CA','Bakersfield',83340,'661-648-8160','cgabbath6@cnbc.com'),(1641,'76099 Dayton Parkway','NE','Lincoln',64449,'402-252-1460','radamh7@jugem.jp'),(1642,'517 Forest Junction','CO','Denver',77281,'303-117-9518','aconkieh8@dell.com'),(1643,'32 Sunbrook Trail','DE','Newark',33613,'302-854-8062','tocannanh9@netvibes.com'),(1644,'23 Tennessee Way','CA','Pasadena',28232,'626-589-6586','cdelgadoha@ehow.com'),(1645,'373 Division Road','FL','Miami',17761,'305-821-4136','gfluckerhb@sciencedirect.com'),(1646,'10 Londonderry Crossing','IN','South Bend',83653,'574-340-3089','agekehc@tumblr.com'),(1647,'4543 Bartillon Lane','OK','Oklahoma City',73855,'405-901-5744','dkilohhd@is.gd'),(1648,'356 Park Meadow Crossing','DC','Washington',93443,'202-526-0793','mbudnkhe@earthlink.net'),(1649,'865 Old Gate Circle','TX','El Paso',26085,'915-738-2359','odulenhf@51.la'),(1650,'6692 Texas Court','MO','Saint Louis',25219,'314-264-7484','shabbalhg@bloglines.com'),(1651,'7 Holmberg Place','SC','Columbia',61069,'803-267-4276','mstrachanhh@wix.com'),(1652,'994 Ramsey Lane','WA','Seattle',53802,'206-199-4273','ccoffeyhi@phpbb.com'),(1653,'3 Judy Park','PA','Erie',32774,'814-613-1502','abosankohj@java.com'),(1654,'1670 Hagan Pass','OK','Oklahoma City',43646,'405-137-4540','tmathershk@fotki.com'),(1655,'88 Mallory Pass','GA','Lawrenceville',74003,'678-555-0248','pgaythwaitehl@apple.com'),(1656,'25071 Randy Park','PA','Harrisburg',76835,'717-215-5565','ctamashm@4shared.com'),(1657,'952 Dwight Park','IN','Indianapolis',98495,'317-965-3318','kjindacekhn@pagesperso-orange.fr'),(1658,'771 Dwight Parkway','CA','Glendale',60691,'818-845-6715','aguthersonho@buzzfeed.com'),(1659,'31 Dottie Street','VA','Newport News',54223,'757-402-5034','cestcothp@usatoday.com'),(1660,'34614 Lindbergh Drive','TX','Dallas',72773,'214-411-0419','jmacascaidhhq@alexa.com'),(1661,'4 Bunker Hill Lane','OH','Youngstown',13877,'330-679-7143','bandrisshr@nps.gov'),(1662,'7736 Elka Alley','NJ','Jersey City',1787,'201-653-6397','lduetschenshs@springer.com'),(1663,'8 South Street','ND','Grand Forks',39805,'701-511-5727','rsandwithht@hatena.ne.jp'),(1664,'2887 Manitowish Road','AL','Birmingham',55511,'205-174-1328','dgovinihu@mayoclinic.com'),(1665,'8450 Brentwood Alley','OH','Toledo',32743,'419-412-5710','vkneafseyhv@amazon.co.jp'),(1666,'281 Becker Place','WI','Madison',19833,'608-839-2049','kpoatehw@a8.net'),(1667,'854 Main Point','CO','Denver',16485,'303-553-3259','pspathx@naver.com'),(1668,'22 Oak Valley Point','KS','Shawnee Mission',65569,'913-312-0088','lentwislehy@newsvine.com'),(1669,'392 Dakota Crossing','AL','Huntsville',47456,'256-623-8011','bellumhz@google.ru'),(1670,'4 Mitchell Crossing','IL','Chicago',58882,'773-904-4938','mbowndei0@addtoany.com'),(1671,'23 Old Shore Trail','WA','Yakima',14196,'509-494-4004','ckleynermansi1@tamu.edu'),(1672,'743 Texas Avenue','AZ','Phoenix',73260,'602-178-7100','amacgilmartini2@dell.com'),(1673,'529 Dawn Point','MN','Minneapolis',13146,'612-734-0318','sdreweryi3@bizjournals.com'),(1674,'2 Dahle Court','GA','Atlanta',64944,'770-450-4166','jfurbyi4@nhs.uk'),(1675,'1 Anthes Drive','TX','Dallas',84958,'972-723-4451','tstanyardi5@miitbeian.gov.cn'),(1676,'5 Lakeland Trail','TX','Denton',30991,'817-915-6091','kcotmorei6@merriam-webster.com'),(1677,'0790 Browning Park','CA','Santa Rosa',85188,'707-116-9774','msugdeni7@yahoo.com'),(1678,'624 Moland Center','TN','Nashville',55935,'615-781-3491','hhayeri8@amazon.co.jp'),(1679,'8 Columbus Trail','FL','Fort Lauderdale',84806,'954-731-0530','mragglesi9@wikimedia.org'),(1680,'0 Cherokee Plaza','WV','Huntington',93401,'304-685-9739','kpeckhamia@cmu.edu'),(1681,'5192 Sugar Avenue','LA','New Orleans',2819,'504-117-6501','sboodleib@behance.net'),(1682,'78 Kingsford Trail','FL','Naples',79216,'239-617-0883','sirwinic@1und1.de'),(1683,'394 Dayton Lane','GA','Augusta',99919,'706-684-0449','gpybusid@ebay.com'),(1684,'433 Stang Lane','MN','Rochester',12792,'507-714-7599','kcussie@google.com'),(1685,'1 Mendota Road','NM','Albuquerque',40912,'505-234-8662','gmacsweeneyif@meetup.com'),(1686,'62 Canary Court','TX','Spring',92699,'281-473-3162','rburrig@mediafire.com'),(1687,'43496 Express Street','CA','San Jose',80440,'408-677-1219','ecarolineih@fc2.com'),(1688,'4344 Crownhardt Junction','KY','Migrate',70152,'502-396-6050','gdrengii@cdc.gov'),(1689,'9 Lotheville Trail','AL','Birmingham',56647,'205-776-7762','mtilfordij@miitbeian.gov.cn'),(1690,'837 Hollow Ridge Pass','NC','Greensboro',86795,'336-101-7977','stredgoldik@blinklist.com'),(1691,'01598 Little Fleur Street','GA','Atlanta',19484,'770-836-7106','grobroeil@home.pl'),(1692,'44049 Towne Plaza','NY','Bronx',39363,'718-133-0145','sbenardeauim@tiny.cc'),(1693,'6034 Rockefeller Alley','CA','Santa Monica',33692,'818-163-4611','fwadlowin@whitehouse.gov'),(1694,'860 Lakewood Gardens Hill','MO','Springfield',1073,'417-824-4620','mbenkoio@house.gov'),(1695,'980 Thierer Junction','WV','Charleston',44623,'304-104-9812','geskriggip@opera.com'),(1696,'46 Blackbird Circle','CA','Palmdale',76138,'661-601-8286','kvanderkruysiq@wikipedia.org'),(1697,'4210 Jana Circle','WA','Seattle',33342,'206-300-8459','ceastbyir@pcworld.com'),(1698,'4 Oxford Court','NC','Durham',83775,'919-616-8842','ctoddis@washingtonpost.com'),(1699,'08 Fremont Pass','FL','West Palm Beach',88277,'561-312-2788','eminchindenit@nsw.gov.au'),(1700,'5551 Columbus Avenue','DC','Washington',67647,'202-506-3586','mshieliu@yahoo.com'),(1701,'84442 Pleasure Center','CO','Denver',98844,'720-527-3288','wscriveneriv@buzzfeed.com'),(1702,'8 Kenwood Road','CT','Hartford',52698,'860-764-0386','lmegaineyiw@shareasale.com'),(1703,'41164 Lyons Hill','NY','Albany',63207,'518-738-2861','agreatedix@redcross.org'),(1704,'7420 Lawn Terrace','PA','New Castle',96353,'724-931-3214','hbeiderbeckiy@hud.gov'),(1705,'37 Brickson Park Trail','TX','Houston',44108,'713-359-2060','tearlyiz@delicious.com'),(1706,'86476 Pond Pass','TX','Temple',26490,'254-133-0211','hcurwenj0@ask.com'),(1707,'805 East Trail','DC','Washington',33532,'202-715-7199','kgauntj1@fda.gov'),(1708,'30130 Shoshone Way','DC','Washington',59697,'202-382-7593','smorrillj2@whitehouse.gov'),(1709,'1502 Pond Park','VA','Norfolk',17333,'757-105-9506','adonnellanj3@ebay.com'),(1710,'87 Gale Lane','FL','Winter Haven',48173,'407-829-1944','lkhalidj4@state.gov'),(1711,'4 Montana Terrace','TX','El Paso',5695,'915-300-2213','tbransgrovej5@vinaora.com'),(1712,'2956 Charing Cross Avenue','IL','Peoria',83172,'309-346-3299','gcrookallj6@ihg.com'),(1713,'4 American Ash Drive','KS','Wichita',91145,'316-381-2944','kbelkj7@sbwire.com'),(1714,'24995 Meadow Vale Street','PA','Erie',875,'814-959-5617','lfelcej8@hubpages.com'),(1715,'732 Moose Junction','VA','Richmond',17188,'804-411-4230','bhannaj9@phoca.cz'),(1716,'00260 Golf View Point','TX','Houston',92786,'713-910-6036','cwilflingerja@biglobe.ne.jp'),(1717,'4 Spenser Court','CO','Grand Junction',54063,'970-501-4451','rberreyjb@weibo.com'),(1718,'21 Maple Wood Circle','IN','Indianapolis',55475,'317-651-2971','bswashjc@gizmodo.com'),(1719,'6141 La Follette Way','VA','Arlington',6375,'571-797-8930','dlaverickjd@uol.com.br'),(1720,'90699 Grasskamp Park','CA','Sacramento',46258,'530-376-0242','rdowryje@gravatar.com'),(1721,'382 Jenifer Drive','GA','Macon',99384,'478-113-0810','mleifjf@vimeo.com'),(1722,'2822 Schurz Road','AL','Birmingham',85955,'205-337-2081','gblanningjg@opera.com'),(1723,'66 Onsgard Junction','FL','Miami Beach',99636,'305-708-9148','icarletjh@issuu.com'),(1724,'9 Hermina Crossing','VA','Fredericksburg',47885,'540-950-7543','lstammirsji@addtoany.com'),(1725,'452 Porter Junction','TX','Houston',50263,'713-682-2756','cdummettjj@gov.uk'),(1726,'769 Mitchell Hill','TX','El Paso',73549,'915-444-3777','lgervaisejk@wikipedia.org'),(1727,'6717 Dakota Lane','AL','Montgomery',93262,'334-834-4903','mwinsomjl@360.cn'),(1728,'7 Texas Pass','AR','Little Rock',73512,'501-104-2179','sswiffenjm@miibeian.gov.cn'),(1729,'42 Barby Court','NY','Albany',85808,'518-803-1377','plymanjn@pinterest.com'),(1730,'4 Old Shore Terrace','DC','Washington',83764,'202-975-8105','dforryanjo@paginegialle.it'),(1731,'870 7th Trail','AZ','Tucson',95874,'520-774-2794','sgotthardjp@printfriendly.com'),(1732,'60 Mesta Parkway','DC','Washington',95918,'202-389-8264','lsollandjq@ehow.com'),(1733,'8 Larry Crossing','PA','Bethlehem',1627,'610-674-3032','bhannejr@aol.com'),(1734,'22299 Katie Place','CA','Sacramento',97780,'916-668-0129','mellwelljs@cargocollective.com'),(1735,'70754 Larry Junction','IL','East Saint Louis',51136,'618-997-3162','rsaundersjt@rambler.ru'),(1736,'2 Chinook Crossing','FL','Punta Gorda',19412,'941-398-5992','cscourfieldju@reference.com'),(1737,'42923 Mcbride Road','FL','Hollywood',63213,'305-181-4974','fsorbiejv@wp.com'),(1738,'036 Randy Pass','CA','Fresno',78624,'559-362-4966','amattedijw@eventbrite.com'),(1739,'428 Upham Court','AK','Juneau',74902,'907-185-4074','cnaismithjx@ocn.ne.jp'),(1740,'06964 Beilfuss Court','UT','Ogden',62841,'801-919-0666','ayukhinjy@dedecms.com'),(1741,'28 Bluejay Circle','TX','Dallas',80384,'214-183-1366','glitchfieldjz@google.cn'),(1742,'231 Prairieview Center','VA','Alexandria',77639,'571-759-4579','dstockdalek0@yale.edu'),(1743,'91469 Surrey Alley','VA','Richmond',7389,'804-634-2008','djirickak1@yellowpages.com'),(1744,'75831 Merrick Junction','NY','Albany',29748,'518-352-1751','pnegalk2@google.co.uk'),(1745,'19 Mitchell Terrace','MI','Saginaw',93408,'989-293-8249','aradkek3@unicef.org'),(1746,'220 Sunfield Road','LA','New Orleans',11837,'504-252-1578','dcorrank4@spiegel.de'),(1747,'00666 Hayes Hill','TX','Fort Worth',5689,'817-936-7373','rayresk5@go.com'),(1748,'1 Oxford Junction','NC','Winston Salem',95947,'704-592-3712','myewmank6@nydailynews.com'),(1749,'572 Prentice Place','WI','Madison',52600,'608-755-6453','kmitchardk7@arstechnica.com'),(1750,'791 Bashford Crossing','NC','Charlotte',93193,'704-344-8172','pellesk8@cnbc.com'),(1751,'10697 Anzinger Plaza','DC','Washington',48307,'202-429-1002','blambotink9@github.io'),(1752,'09892 Waxwing Drive','NH','Manchester',56927,'603-729-6810','lnezeyka@facebook.com'),(1753,'81892 Towne Avenue','NY','Syracuse',2821,'315-856-3264','fvasiltsovkb@npr.org'),(1754,'4473 Kings Junction','PA','Pittsburgh',60489,'412-119-2867','twhaymankc@eepurl.com'),(1755,'49 Thompson Crossing','GA','Atlanta',13655,'404-955-4932','dsabbatierkd@networkadvertising.org'),(1756,'51 Pearson Parkway','NC','Charlotte',12569,'704-885-3053','rgrossierke@forbes.com'),(1757,'330 Bartelt Plaza','CA','Simi Valley',91042,'805-482-8866','amcclaykf@icq.com'),(1758,'6449 Northport Way','CA','Carlsbad',73539,'760-137-7602','mlaytonkg@reverbnation.com'),(1759,'5339 Mayer Trail','OH','Youngstown',8416,'330-283-0769','wtolandkh@netlog.com'),(1760,'885 Melby Parkway','IL','Chicago',83931,'312-132-9197','ktenneyki@phoca.cz'),(1761,'1286 Bartillon Junction','FL','Cape Coral',46785,'239-573-2434','mcollidgekj@census.gov'),(1762,'7 Bultman Drive','IN','Evansville',32271,'812-654-1319','siornskk@slashdot.org'),(1763,'58471 Corscot Street','SC','Charleston',80943,'843-134-4884','lbridgenkl@cbslocal.com'),(1764,'57 Wayridge Court','IA','Des Moines',83467,'515-421-2651','afellmankm@free.fr'),(1765,'78496 Killdeer Trail','CA','Riverside',60481,'951-441-0815','ahallgatekn@youtu.be'),(1766,'8 Golf Course Lane','WA','Seattle',5227,'206-393-1299','csummerfieldko@google.cn'),(1767,'7 Jackson Court','CA','Riverside',16593,'951-138-0877','kdaglesskp@hugedomains.com'),(1768,'344 Clyde Gallagher Place','TN','Nashville',61871,'615-765-8700','blifseykq@xinhuanet.com'),(1769,'5 Katie Hill','CA','Bakersfield',68343,'661-786-8088','ywillattkr@tinypic.com'),(1770,'2 Holy Cross Circle','KS','Wichita',32769,'316-467-6342','balexanderks@de.vu'),(1771,'52 Kipling Parkway','KY','Louisville',80072,'502-840-0962','sdjurevickt@gov.uk'),(1772,'16 Rieder Center','CT','New Haven',65675,'203-939-7704','igaulerku@soundcloud.com'),(1773,'29595 Buell Place','CA','Long Beach',76640,'323-856-3859','ibarringtonkv@weebly.com'),(1774,'24160 Troy Place','TX','Irving',13149,'972-897-5948','mbarltropkw@mozilla.com'),(1775,'8 Pawling Pass','MA','Springfield',93078,'413-943-5522','thousemankx@prlog.org'),(1776,'076 Arizona Plaza','DC','Washington',86104,'202-604-8715','iheaneyky@toplist.cz'),(1777,'2 Macpherson Trail','DC','Washington',12037,'202-486-8630','mnottikz@illinois.edu'),(1778,'0339 Scoville Terrace','OH','Cincinnati',9341,'513-585-0624','jmaccaril0@wufoo.com'),(1779,'89 Huxley Lane','NY','New York City',73992,'212-674-9165','hmcnessl1@ucoz.com'),(1780,'22876 Prentice Junction','CT','Hartford',66977,'860-922-3637','gkaresl2@vinaora.com'),(1781,'212 Northport Place','FL','Miami',85731,'305-260-1303','clardinerl3@ftc.gov'),(1782,'60 Continental Way','IA','Des Moines',32879,'515-234-9632','aouldcottl4@umich.edu'),(1783,'07288 1st Alley','NJ','Paterson',78552,'973-255-2683','plangthornel5@vimeo.com'),(1784,'434 Paget Place','MN','Loretto',19195,'763-301-2440','mkobierskil6@tmall.com'),(1785,'1 Kenwood Trail','UT','Salt Lake City',91910,'801-943-9998','jbernardellil7@bloomberg.com'),(1786,'69716 Algoma Court','FL','Gainesville',32208,'352-948-2313','lhummerstonl8@privacy.gov.au'),(1787,'103 International Street','NY','Bronx',31766,'718-490-5088','mjohnstonl9@ebay.com'),(1788,'6 Bowman Parkway','WA','Seattle',35532,'206-656-2870','bjoulesla@usgs.gov'),(1789,'4 Truax Alley','HI','Honolulu',75358,'808-325-4150','rgloylb@ifeng.com'),(1790,'0753 Lillian Court','CA','San Jose',16660,'408-959-4499','hsamsonsenlc@arstechnica.com'),(1791,'2498 Dakota Drive','KY','Louisville',99556,'502-931-3580','dduckerld@hc360.com'),(1792,'6935 Fremont Point','AZ','Tucson',57306,'520-239-0732','iwaplesle@slideshare.net'),(1793,'530 Summit Point','VA','Richmond',53998,'804-533-4504','driccardolf@spotify.com'),(1794,'150 Pleasure Junction','CA','Stockton',66282,'209-120-7349','kivashinlg@answers.com'),(1795,'1 Hollow Ridge Center','GA','Decatur',94345,'770-104-5927','mkieldlh@discuz.net'),(1796,'1900 Mayfield Point','IN','South Bend',63246,'574-709-1869','kphythienli@free.fr'),(1797,'4089 Gina Way','CA','Garden Grove',66167,'310-511-2625','ccatonnetlj@ning.com'),(1798,'19 Linden Road','CA','San Jose',47423,'408-297-4682','adouchlk@springer.com'),(1799,'3675 Fair Oaks Alley','IN','Fort Wayne',14821,'260-793-4873','dvedeneevll@who.int'),(1800,'10920 Express Street','IL','Peoria',75750,'309-108-9851','hbibblm@hexun.com'),(1801,'0530 Debs Avenue','FL','Tampa',49092,'813-194-5869','pjuszczykln@squidoo.com'),(1802,'55 Wayridge Alley','FL','Orlando',30907,'321-986-8355','ecockleylo@prlog.org'),(1803,'89827 Armistice Pass','IL','Peoria',75221,'309-426-4894','nsincocklp@fotki.com'),(1804,'5769 Superior Circle','CO','Littleton',68935,'720-187-3273','smapledoramlq@tumblr.com'),(1805,'98505 Bunting Hill','LA','Baton Rouge',97525,'225-280-1175','lehlerdinglr@ehow.com'),(1806,'16000 Elka Crossing','PA','Pittsburgh',20898,'412-398-0246','cgiacominils@theguardian.com'),(1807,'5181 Eggendart Street','MD','Silver Spring',84625,'202-124-9912','ebrientlt@delicious.com'),(1808,'52176 Jackson Trail','NJ','Newark',13456,'973-648-6634','hdinnegeslu@vistaprint.com'),(1809,'5221 Talisman Pass','CA','Los Angeles',92843,'424-266-4926','ibendinlv@techcrunch.com'),(1810,'64755 Doe Crossing Crossing','TX','Lubbock',58976,'806-471-5065','amcguckinlw@cargocollective.com'),(1811,'36 Daystar Terrace','OH','Warren',57967,'330-262-5341','bnaptinelx@mlb.com'),(1812,'039 Warner Drive','VA','Dulles',15940,'571-620-2022','cdossettorly@w3.org'),(1813,'2 Knutson Way','OH','Cincinnati',72945,'513-699-6122','rtubblz@1688.com'),(1814,'0938 Susan Court','FL','Daytona Beach',42956,'386-126-5186','mcosgravem0@ebay.co.uk'),(1815,'80144 Killdeer Crossing','SC','Columbia',88679,'803-846-9022','cteresiam1@washington.edu'),(1816,'11 Memorial Terrace','MO','Saint Louis',16500,'314-105-1678','jgwytherm2@ftc.gov'),(1817,'7 Oakridge Terrace','PA','Philadelphia',76673,'215-578-6361','mflamentm3@nationalgeographic.com'),(1818,'18 Sage Circle','IL','Schaumburg',81169,'708-678-1880','nmchargm4@dailymail.co.uk'),(1819,'18 Lillian Drive','NY','New York City',8472,'646-984-8825','mcafferym5@state.gov'),(1820,'55 Alpine Court','CT','Bridgeport',59656,'203-661-0878','agreenhalghm6@booking.com'),(1821,'3 American Ash Terrace','OK','Norman',74468,'405-362-4492','syanshonokm7@comcast.net'),(1822,'7007 South Crossing','AL','Birmingham',3318,'334-106-2559','tbernardezm8@blogtalkradio.com'),(1823,'01 Debra Parkway','DE','Newark',34446,'302-802-2336','tmandrym9@sohu.com'),(1824,'368 Straubel Way','NY','Brooklyn',6323,'347-945-3396','tdinsmorema@hud.gov'),(1825,'8804 Mariners Cove Way','OH','Dayton',43191,'513-394-2770','balesomb@webs.com'),(1826,'5784 Straubel Parkway','DC','Washington',44679,'202-257-1200','avellamc@earthlink.net'),(1827,'58 Main Court','LA','Monroe',25561,'318-866-8919','gmcturkmd@wikia.com'),(1828,'3 Melrose Crossing','PA','Johnstown',84871,'814-659-7798','amackieme@nydailynews.com'),(1829,'89197 Elgar Plaza','NY','New York City',96734,'917-609-4765','kmerryweathermf@bravesites.com'),(1830,'74 Buhler Road','NY','Bronx',97145,'718-496-4699','happlewhitemg@themeforest.net'),(1831,'4982 Heffernan Terrace','AL','Huntsville',93398,'256-222-1635','dstellinmh@blinklist.com'),(1832,'96 Shopko Hill','HI','Honolulu',59173,'808-194-9433','twillemi@arstechnica.com'),(1833,'4 Warbler Road','CA','Fresno',98962,'559-310-4437','tbirdismj@abc.net.au'),(1834,'468 Holy Cross Hill','CA','Van Nuys',60786,'626-923-0228','mmucklestonemk@examiner.com'),(1835,'1764 Sullivan Point','AR','Little Rock',39082,'501-853-8334','dsaundersonml@time.com'),(1836,'54507 Esker Street','CA','San Jose',30510,'408-102-3151','jovidmm@auda.org.au'),(1837,'02 Londonderry Plaza','KS','Shawnee Mission',19690,'913-721-4296','ayurasovmn@pinterest.com'),(1838,'56 Daystar Terrace','WV','Huntington',32824,'304-511-0518','pklampmo@is.gd'),(1839,'249 Shasta Center','NY','Jamaica',24580,'516-878-4632','hudymp@howstuffworks.com'),(1840,'8183 Menomonie Court','OK','Oklahoma City',35298,'405-755-7516','swymermq@yellowbook.com'),(1841,'983 Bonner Avenue','OH','Cleveland',48737,'216-405-4177','lrabbittmr@who.int'),(1842,'89 Hauk Center','NE','Omaha',56103,'402-697-1216','cedmedms@globo.com'),(1843,'8 Sullivan Parkway','CO','Arvada',71077,'303-806-1258','zstennesmt@devhub.com'),(1844,'4 Gale Junction','NM','Santa Fe',81377,'505-146-3140','aclewesmu@oaic.gov.au'),(1845,'854 Manitowish Plaza','FL','Clearwater',65201,'727-327-9857','nvasishchevmv@printfriendly.com'),(1846,'51 Bowman Court','MS','Jackson',46997,'601-189-2630','hsheivelsmw@businessweek.com'),(1847,'69 Straubel Alley','KY','Frankfort',37729,'502-143-4068','cwilcottmx@sourceforge.net'),(1848,'0433 Pepper Wood Avenue','NC','Charlotte',86516,'704-695-7017','arobetmy@army.mil'),(1849,'7235 Glacier Hill Avenue','NV','Las Vegas',85988,'702-502-2076','hgiacopinimz@phoca.cz'),(1850,'6 Badeau Road','MI','Southfield',32199,'248-241-8318','ccootsn0@usda.gov'),(1851,'18 Ramsey Court','MD','Ridgely',79564,'410-640-3142','imakinn1@fastcompany.com'),(1852,'4498 Hoffman Avenue','AL','Birmingham',86430,'205-958-2263','cgoodrumn2@google.com.br'),(1853,'15 Onsgard Junction','TX','Dallas',23536,'214-983-8687','kbarradelln3@biglobe.ne.jp'),(1854,'1880 Esch Junction','CA','San Jose',89181,'408-940-3794','dhulln4@furl.net'),(1855,'6 Armistice Junction','FL','Tampa',52434,'813-752-8484','dwoodstockn5@cnet.com'),(1856,'9894 Graceland Place','CA','San Diego',47079,'619-196-0997','sdenacampn6@hugedomains.com'),(1857,'2 Union Pass','LA','Baton Rouge',17616,'225-646-0233','rsanciasn7@patch.com'),(1858,'667 Starling Plaza','CA','Anaheim',71857,'310-752-5504','hnoadn8@nhs.uk'),(1859,'849 Forest Run Place','FL','West Palm Beach',1101,'561-156-5369','mczajkowskan9@hhs.gov'),(1860,'21449 Nova Lane','IN','Lafayette',73337,'765-119-9439','aeddiena@weibo.com'),(1861,'7 Village Junction','NE','Lincoln',41520,'402-604-1805','cstaintonskinnnb@fotki.com'),(1862,'84088 Westerfield Circle','NY','New York City',81804,'212-839-7192','tgilyottnc@storify.com'),(1863,'63809 Barby Road','MD','Baltimore',30487,'410-666-6829','tnewsomend@dailymail.co.uk'),(1864,'02 Cherokee Park','HI','Honolulu',52708,'808-605-0513','csouthallne@jugem.jp'),(1865,'91 Sloan Way','GA','Atlanta',49036,'404-741-2435','scradynf@auda.org.au'),(1866,'3 Fieldstone Lane','GA','Macon',75606,'478-202-1141','tbarnshawng@stanford.edu'),(1867,'75 Northfield Alley','DC','Washington',94779,'202-282-4211','cpoutressnh@si.edu'),(1868,'62 Forest Run Road','CA','Fresno',79722,'559-775-6098','alashfordni@yellowpages.com'),(1869,'7 Bellgrove Plaza','MO','Kansas City',9962,'816-126-8340','marlidgenj@last.fm'),(1870,'878 Pond Lane','CA','Simi Valley',99261,'805-286-8424','ljanssensnk@seesaa.net'),(1871,'59596 Gerald Way','CA','Modesto',5644,'209-726-9444','jheaneynl@dailymotion.com'),(1872,'00 Carberry Court','LA','Baton Rouge',21645,'225-663-6820','lginnetynm@blog.com'),(1873,'71448 Jay Street','CA','San Jose',42990,'408-123-8684','bcolebornnn@unesco.org'),(1874,'153 Anderson Hill','FL','Tampa',72140,'813-545-5818','aferrimanno@multiply.com'),(1875,'243 School Center','OK','Oklahoma City',88828,'405-401-2471','ccreevynp@google.it'),(1876,'76 Declaration Center','AK','Fairbanks',40302,'907-517-5804','vshoreynq@dailymotion.com'),(1877,'7928 Grim Point','IL','Chicago',48069,'773-436-9267','hdabbotdoylenr@cdc.gov'),(1878,'2 Pine View Trail','LA','Shreveport',14736,'318-982-9480','nneubiggingns@simplemachines.org'),(1879,'309 Dwight Hill','WI','Appleton',16946,'920-882-5058','lportinarint@independent.co.uk'),(1880,'59 Prairieview Pass','LA','Baton Rouge',24271,'225-691-8769','cbeniteznu@shinystat.com'),(1881,'4256 Red Cloud Road','PA','Wilkes Barre',62127,'570-607-8890','acomellinv@msu.edu'),(1882,'419 Blaine Way','OH','Columbus',51040,'614-259-7567','alavellnw@google.co.jp'),(1883,'179 Michigan Junction','TX','Tyler',32406,'903-682-5524','hdeverillnx@163.com'),(1884,'0 John Wall Trail','PA','Philadelphia',79561,'215-362-6498','tvernany@wikipedia.org'),(1885,'64 Thackeray Pass','TX','Wichita Falls',21271,'940-767-9513','anajaranz@buzzfeed.com'),(1886,'492 Eggendart Lane','IN','Fort Wayne',23716,'260-919-4470','jcolchetto0@google.co.jp'),(1887,'5 Fallview Trail','TX','Houston',92901,'832-476-9162','futleyo1@marketwatch.com'),(1888,'5712 Buhler Way','SC','Charleston',85740,'843-223-7832','phurseyo2@huffingtonpost.com'),(1889,'319 Mccormick Drive','DE','Wilmington',34237,'302-442-0499','kheapeo3@cbslocal.com'),(1890,'003 Green Ridge Alley','AK','Juneau',91508,'907-523-6269','ejiraseko4@unblog.fr'),(1891,'7833 Crest Line Road','CT','Norwalk',37089,'203-777-6768','jcarlyono5@wikimedia.org'),(1892,'50955 Green Ridge Terrace','NC','Winston Salem',64580,'336-832-6587','jcamseyo6@flickr.com'),(1893,'889 Dahle Drive','FL','Miami',78807,'786-160-7292','mcomellio7@squarespace.com'),(1894,'0811 Bobwhite Terrace','FL','Melbourne',25861,'321-191-2622','tlittledikeo8@homestead.com'),(1895,'88385 Dovetail Hill','NY','Albany',68664,'518-970-6806','jjenmano9@tinyurl.com'),(1896,'0 Evergreen Court','TX','Fort Worth',92937,'682-823-3855','hleveringtonoa@uiuc.edu'),(1897,'804 Oak Valley Center','IA','Des Moines',57921,'515-938-2788','hrutgersob@dedecms.com'),(1898,'71 Red Cloud Street','TN','Johnson City',9481,'423-442-3201','eryburnoc@trellian.com'),(1899,'8 Rockefeller Alley','CA','Sacramento',83154,'916-496-2974','ojinkinsod@1und1.de'),(1900,'036 Carey Road','LA','Shreveport',3825,'318-259-0526','ecaughteoe@tripadvisor.com'),(1901,'2978 Norway Maple Parkway','GA','Atlanta',10648,'770-906-0649','nfinlasonof@amazon.co.jp'),(1902,'5 Lakewood Terrace','MN','Duluth',41916,'218-430-0782','scoomberog@comsenz.com'),(1903,'96 Burning Wood Point','TX','Houston',26743,'713-849-0385','idunsoh@jugem.jp'),(1904,'30 Packers Avenue','TX','Mesquite',31093,'972-166-4668','rlabrenzoi@behance.net'),(1905,'53396 Maple Wood Point','NY','Buffalo',7768,'716-202-7660','ofourmanoj@census.gov'),(1906,'66265 Colorado Way','CA','North Hollywood',1038,'213-428-0076','csatterthwaiteok@seesaa.net'),(1907,'9 Straubel Hill','TN','Murfreesboro',99153,'615-413-8398','awhifeol@bloglovin.com'),(1908,'535 Thackeray Way','TX','Mesquite',82653,'972-195-6952','lbrisom@squarespace.com'),(1909,'9933 Mesta Hill','NY','New York City',90943,'212-789-2053','yilchenkoon@fc2.com'),(1910,'55318 Nancy Court','LA','Baton Rouge',83720,'225-453-8237','afraczakoo@liveinternet.ru'),(1911,'7 Washington Place','MO','Kansas City',71902,'816-372-1533','drochfordop@hibu.com'),(1912,'7 Glacier Hill Plaza','OH','Cincinnati',4782,'513-743-1383','pcellonioq@blogger.com'),(1913,'2553 Arizona Lane','NV','Las Vegas',80981,'702-207-8231','mvermanor@sciencedirect.com'),(1914,'055 Mifflin Trail','FL','Orlando',25798,'407-519-8035','aphillipos@statcounter.com'),(1915,'111 Summit Court','NC','Durham',10561,'434-994-9973','echarnickot@archive.org'),(1916,'01 Hoepker Way','OH','Cleveland',2435,'216-359-1218','cdaveridgeou@theatlantic.com'),(1917,'7 Twin Pines Alley','KS','Shawnee Mission',92220,'913-853-8052','lgoldingayov@elegantthemes.com'),(1918,'821 Maple Point','FL','Miami',19696,'954-583-9623','lwaneow@oakley.com'),(1919,'39 Hintze Center','FL','Melbourne',25904,'321-735-9722','ndreganox@deliciousdays.com'),(1920,'740 Delladonna Way','LA','New Orleans',5345,'504-234-5025','kpykermanoy@amazon.co.jp'),(1921,'44914 Lakewood Gardens Hill','IL','Chicago',82648,'312-977-9876','cduckhamoz@thetimes.co.uk'),(1922,'76 Maple Junction','TX','Houston',94678,'281-104-0742','atildesleyp0@mashable.com'),(1923,'327 Manitowish Hill','NY','Syracuse',72562,'315-586-4699','thellierp1@noaa.gov'),(1924,'6 Upham Plaza','LA','Shreveport',14121,'318-724-9148','zbulterp2@umn.edu'),(1925,'4451 Ryan Street','GA','Decatur',3822,'770-930-3493','bpingp3@reverbnation.com'),(1926,'345 Grim Terrace','LA','Metairie',96746,'504-862-3429','xbrakespearp4@ameblo.jp'),(1927,'4045 Delladonna Plaza','NY','White Plains',73232,'845-578-3176','ycampp5@last.fm'),(1928,'0 John Wall Trail','NE','Lincoln',27764,'402-238-5268','fperazzop6@google.ru'),(1929,'0 Sloan Crossing','CA','San Diego',24117,'619-418-0863','evillaretp7@scribd.com'),(1930,'7 Fremont Terrace','CA','Richmond',41289,'510-400-2435','lsailorp8@i2i.jp'),(1931,'4491 Petterle Park','DC','Washington',98895,'202-317-0053','aohanleyp9@drupal.org'),(1932,'2 Kennedy Pass','MI','Lansing',54065,'517-595-3819','ajordinpa@elegantthemes.com'),(1933,'7 Donald Pass','TX','El Paso',20358,'915-772-8934','zfanstonepb@intel.com'),(1934,'86018 Blue Bill Park Point','CA','Oakland',63426,'510-986-2646','aholehousepc@360.cn'),(1935,'0617 Forest Run Crossing','OK','Oklahoma City',15175,'405-869-2534','sbilbypd@godaddy.com'),(1936,'807 Ludington Center','SC','Aiken',93253,'803-702-3504','hlassellpe@constantcontact.com'),(1937,'9 Ridge Oak Court','FL','Brooksville',98400,'352-410-8734','locahillpf@engadget.com'),(1938,'29 Meadow Ridge Street','TN','Knoxville',2892,'865-125-1646','ckluspg@cafepress.com'),(1939,'8505 Birchwood Plaza','MD','Baltimore',52777,'410-900-5995','plaurenzph@census.gov'),(1940,'9333 Nelson Hill','AK','Anchorage',91689,'907-208-5967','gyushmanovpi@nytimes.com'),(1941,'5631 Caliangt Circle','IA','Davenport',34675,'563-135-2524','nscreenpj@cbslocal.com'),(1942,'8 Sheridan Street','CA','Corona',83279,'951-223-0267','gcostleypk@umn.edu'),(1943,'1 Gerald Drive','MI','Ann Arbor',62349,'734-547-1270','gbartenspl@php.net'),(1944,'71694 Darwin Lane','TX','Houston',68643,'713-113-3183','skeohanepm@examiner.com'),(1945,'0 Forest Dale Court','IL','Springfield',54952,'217-733-6613','dbandpn@furl.net'),(1946,'7170 Clyde Gallagher Lane','FL','Delray Beach',88844,'561-409-2685','hhatchettpo@youtube.com'),(1947,'9 Grover Parkway','FL','Daytona Beach',21791,'386-439-1809','bluckcuckpp@indiegogo.com'),(1948,'5761 Bartelt Junction','KS','Shawnee Mission',23524,'913-966-5535','rallnuttpq@ow.ly'),(1949,'334 Reindahl Crossing','PA','Pittsburgh',88340,'412-867-7307','jdigiacomopr@admin.ch'),(1950,'9219 Buhler Pass','CA','Fresno',36057,'559-989-4054','twhaymandps@bbc.co.uk'),(1951,'803 Stang Park','CA','Ventura',59209,'805-779-2472','aeckertpt@tamu.edu'),(1952,'104 Mallard Road','OR','Portland',65361,'971-949-7296','lpirozzipu@un.org'),(1953,'96212 Dixon Street','GA','Marietta',37750,'678-592-8300','bhourstonpv@microsoft.com'),(1954,'3 Hollow Ridge Hill','NC','Raleigh',75416,'919-921-2070','cboogpw@liveinternet.ru'),(1955,'13385 Namekagon Parkway','TX','El Paso',85004,'915-394-8487','sgibbonpx@youtube.com'),(1956,'7610 Armistice Hill','CA','San Bernardino',57172,'909-712-5002','caubrypy@trellian.com'),(1957,'0121 Golf View Hill','MN','Duluth',34051,'218-735-4763','chavenhandpz@constantcontact.com'),(1958,'60325 Superior Road','OK','Tulsa',17786,'918-790-2851','qgainesq0@adobe.com'),(1959,'196 Schmedeman Terrace','FL','Boynton Beach',88714,'561-996-1537','jkoschkeq1@123-reg.co.uk'),(1960,'486 Hoepker Alley','DC','Washington',66836,'202-315-2386','tadamq2@flavors.me'),(1961,'18650 Westend Terrace','MN','Minneapolis',83414,'612-480-5335','abarthelmeq3@de.vu'),(1962,'8 Hallows Hill','IL','Rockford',70957,'815-756-8809','mtomasekq4@youku.com'),(1963,'28 Spenser Circle','LA','Metairie',27259,'504-202-1937','mmccartq5@webeden.co.uk'),(1964,'00 Ridgeview Court','GA','Cumming',97131,'706-849-4122','aburthq6@adobe.com'),(1965,'85 Clyde Gallagher Plaza','CA','Fresno',71696,'209-151-6212','ithorndaleq7@csmonitor.com'),(1966,'63922 Dottie Court','OH','Toledo',8577,'419-684-4084','bhatchmanq8@umn.edu'),(1967,'41659 Comanche Place','MA','Waltham',29095,'978-628-6345','gnunesnabarroq9@ftc.gov'),(1968,'8240 Buell Center','DC','Washington',92353,'202-684-4004','scollettqa@a8.net'),(1969,'98666 Mandrake Terrace','TX','Lubbock',43482,'806-331-3273','mbittenqb@sitemeter.com'),(1970,'0 Amoth Circle','TX','Austin',73111,'512-864-5604','tvendittoqc@opensource.org'),(1971,'12621 Warner Lane','NY','Staten Island',22323,'718-804-4744','jbiasettiqd@soundcloud.com'),(1972,'2534 Scofield Circle','NV','Henderson',90765,'702-142-4274','jbraitlingqe@amazon.co.jp'),(1973,'33445 Waubesa Street','IA','Des Moines',7968,'515-651-2788','mkeemsqf@drupal.org'),(1974,'44 Blue Bill Park Trail','NJ','Jersey City',32894,'201-662-3203','pendrighiqg@whitehouse.gov'),(1975,'1750 Mcbride Avenue','AL','Birmingham',31673,'205-740-5078','cclueqh@npr.org'),(1976,'1 Hoard Crossing','NH','Manchester',21472,'603-893-2587','kvanhaeftenqi@si.edu'),(1977,'335 Petterle Center','TX','Lubbock',94321,'806-183-6464','eachesonqj@instagram.com'),(1978,'57 Bay Street','AZ','Scottsdale',53574,'602-744-1258','gwindsorqk@economist.com'),(1979,'8 Spenser Court','CA','Sacramento',28651,'916-509-9329','trobertucciql@wsj.com'),(1980,'13 Atwood Center','RI','Providence',58465,'401-750-6927','cnecoldsqm@yale.edu'),(1981,'1774 Ridgeway Trail','CA','Oakland',59141,'510-403-7714','ycombenqn@bandcamp.com'),(1982,'582 Browning Place','TX','Houston',86201,'281-265-5742','azapataqo@youtube.com'),(1983,'6386 Mandrake Avenue','NE','Omaha',3733,'402-423-0484','rkraussqp@newsvine.com'),(1984,'77850 Mendota Avenue','FL','Tampa',24327,'813-207-0880','wdunphyqq@nsw.gov.au'),(1985,'73 Huxley Court','TX','Pasadena',91610,'713-559-3372','oziniqr@nifty.com'),(1986,'00 Nelson Court','TX','El Paso',95601,'915-297-2604','malstonqs@xing.com'),(1987,'57 Londonderry Street','OK','Tulsa',64393,'918-219-8537','rblundonqt@businesswire.com'),(1988,'792 Thierer Drive','DC','Washington',58593,'202-853-9467','dpickrellqu@pagesperso-orange.fr'),(1989,'2 Duke Pass','OR','Portland',42929,'503-901-1835','obadmanqv@ezinearticles.com'),(1990,'866 Jay Hill','MA','Cambridge',72922,'617-794-1392','pgaltonqw@indiatimes.com'),(1991,'623 Brickson Park Avenue','MA','Boston',76072,'617-525-7218','mkopsqx@freewebs.com'),(1992,'9 Havey Lane','DC','Washington',23249,'202-459-0711','djouanninqy@amazon.co.uk'),(1993,'27 Summit Court','VA','Portsmouth',72236,'757-692-5797','mchuggqz@shop-pro.jp'),(1994,'85 Ramsey Place','TX','Spring',9681,'281-212-8687','lmaudlingr0@xrea.com'),(1995,'5 Schiller Park','AZ','Phoenix',57700,'602-764-4436','ejobr1@hexun.com'),(1996,'50679 Anderson Drive','FL','Tampa',83553,'813-260-3047','vdaveyr2@trellian.com'),(1997,'13 Heffernan Pass','SC','Columbia',27049,'803-983-6941','mhamblingtonr3@who.int'),(1998,'06201 La Follette Street','TX','Houston',89814,'281-892-8784','psharpousr4@ebay.com'),(1999,'6 Linden Crossing','MO','Saint Louis',7404,'314-641-4351','htodaror5@liveinternet.ru'),(2000,'98037 Hazelcrest Circle','KS','Topeka',92426,'785-881-3903','fstrider6@washington.edu'),(2001,'87 Erie Trail','MI','Detroit',12002,'248-933-4906','nsuthworthr7@twitter.com'),(2002,'2049 Gina Alley','PA','Mc Keesport',32166,'412-572-5578','narndtsenr8@huffingtonpost.com'),(2003,'96103 Corscot Pass','DC','Washington',47883,'202-403-8246','hclewesr9@printfriendly.com'),(2004,'5578 Meadow Valley Point','IN','South Bend',76206,'574-899-2478','psellorra@pagesperso-orange.fr'),(2005,'2 Union Hill','DC','Washington',67689,'202-697-2301','bscarlettrb@weibo.com'),(2006,'1 Hanover Center','MO','Springfield',95122,'417-579-6849','mgutridgerc@ebay.com'),(2007,'5 Susan Plaza','IL','Peoria',40775,'309-287-4303','jpudsallrd@chron.com'),(2008,'439 Nova Circle','NY','New York City',46987,'917-959-3631','dgilchriestre@sogou.com'),(2009,'4 Vahlen Pass','DC','Washington',5841,'202-628-3798','bosharryrf@yahoo.com'),(2010,'36013 1st Alley','MN','Maple Plain',15550,'763-371-3809','bpimlettrg@storify.com'),(2011,'1 Mcguire Way','TX','Dallas',9750,'469-634-6057','bciobutarurh@phpbb.com'),(2012,'74 Thackeray Pass','OH','Toledo',1113,'419-742-5385','bamiableri@hc360.com'),(2013,'46129 Melby Junction','FL','Seminole',14946,'941-941-9839','abraffertonrj@paginegialle.it'),(2014,'1409 Ramsey Way','NY','New York City',99073,'646-254-1227','mcumbridgerk@cmu.edu'),(2015,'0 8th Parkway','TN','Memphis',39430,'901-222-6942','rrodmellrl@huffingtonpost.com'),(2016,'76 Duke Hill','SC','Columbia',88308,'803-149-5571','tsinncockrm@prlog.org'),(2017,'7 Maple Hill','IL','Chicago',85549,'312-836-1427','gjegerrn@weibo.com'),(2018,'1 Nobel Court','TX','Houston',61667,'281-435-0664','jaizicro@uol.com.br'),(2019,'2 Ohio Crossing','OH','Cleveland',70455,'440-419-2943','cablesonrp@friendfeed.com'),(2020,'963 Sloan Street','TX','Houston',11396,'832-155-2904','amackillrq@myspace.com'),(2021,'382 Atwood Pass','NY','Buffalo',29760,'716-771-0138','eselbyrr@wikipedia.org'),(2022,'broadway','wa','seattle',98122,'1234567','ok@gmail.com'),(2023,'broadway','ca','seattle',98122,'7071234444','ok@gmail.com'),(2024,'broad','wa','sea',99999,'1231231234','ok@gmail.com'),(2025,'1111 1st Ave','WA','Seattle',98101,'123456789','JOHNJOHN@JOHN.COM'),(2026,'2222 2nd Ave','WA','seattle',98101,'122333444','123wer@wer.wer'),(2027,'broad','ca','sea',98122,'7075375579','ok@g'),(2028,'12345 15st Ave','wa','seattle',98105,'111222333','qweqwe@qwe.qwe'),(2029,'b','ca','sea',99999,'7777777777','p@gm'),(2030,'1234 123rd Ave NE','WA','Seattle',98111,'123456789','asd@asd'),(2031,'11 qwe ave','wa','seattle',11111,'123456777','q@q'),(2032,'qweqweqwe','qw','qwe',11111,'123456788','q@qwe');
/*!40000 ALTER TABLE `contact_info` ENABLE KEYS */;
UNLOCK TABLES;

--
-- Table structure for table `investment`
--

DROP TABLE IF EXISTS `investment`;
/*!40101 SET @saved_cs_client     = @@character_set_client */;
/*!40101 SET character_set_client = utf8 */;
CREATE TABLE `investment` (
  `investment_id` int(11) NOT NULL AUTO_INCREMENT,
  `investment_type_id` int(11) DEFAULT NULL,
  `contact_info_id` int(11) DEFAULT NULL,
  `inv_fin_id` int(11) DEFAULT NULL,
  `investment_name` varchar(45) DEFAULT NULL,
  PRIMARY KEY (`investment_id`),
  UNIQUE KEY `investment_id_UNIQUE` (`investment_id`),
  KEY `type of this company_idx` (`investment_type_id`),
  KEY `address_idx` (`contact_info_id`),
  KEY `investment report id_idx` (`inv_fin_id`),
  CONSTRAINT `investment report id` FOREIGN KEY (`inv_fin_id`) REFERENCES `investment_financial_report` (`inv_fin_id`) ON DELETE NO ACTION ON UPDATE NO ACTION,
  CONSTRAINT `address` FOREIGN KEY (`contact_info_id`) REFERENCES `contact_info` (`contact_info_id`) ON DELETE NO ACTION ON UPDATE NO ACTION,
  CONSTRAINT `type of this company` FOREIGN KEY (`investment_type_id`) REFERENCES `investment_type` (`investment_type_id`) ON DELETE NO ACTION ON UPDATE NO ACTION
) ENGINE=InnoDB AUTO_INCREMENT=51 DEFAULT CHARSET=latin1;
/*!40101 SET character_set_client = @saved_cs_client */;

--
-- Dumping data for table `investment`
--

LOCK TABLES `investment` WRITE;
/*!40000 ALTER TABLE `investment` DISABLE KEYS */;
INSERT INTO `investment` VALUES (1,5,1321,NULL,'ICU Medical, Inc.'),(2,6,1322,NULL,'Allstate Corporation (The)'),(3,5,1323,NULL,'Corporate Office Properties Trust'),(4,3,1324,NULL,'Transcontinental Realty Investors, Inc.'),(5,7,1325,NULL,'Antero Midstream GP LP'),(6,3,1326,NULL,'Advanced Semiconductor Engineering, Inc.'),(7,1,1327,NULL,'Fred&#39;s, Inc.'),(8,4,1328,NULL,'Pattern Energy Group Inc.'),(9,1,1329,NULL,'Ameren Corporation'),(10,4,1330,NULL,'Analogic Corporation'),(11,4,1331,NULL,'Compass Diversified Holdings'),(12,1,1332,NULL,'KT Corporation'),(13,4,1333,NULL,'Platform Specialty Products Corporation'),(14,3,1334,NULL,'Sears Canada Inc.'),(15,1,1335,NULL,'Hydrogenics Corporation'),(16,5,1336,NULL,'Atrion Corporation'),(17,2,1337,NULL,'GCP Applied Technologies Inc.'),(18,4,1338,NULL,'First Internet Bancorp'),(19,3,1339,NULL,'Fuwei Films (Holdings) Co., Ltd.'),(20,1,1340,NULL,'Western Union Company (The)'),(21,1,1341,NULL,'Gores Holdings II, Inc.'),(22,8,1342,NULL,'PT Telekomunikasi Indonesia, Tbk'),(23,2,1343,NULL,'United-Guardian, Inc.'),(24,4,1344,NULL,'National Security Group, Inc.'),(25,2,1345,NULL,'Becton, Dickinson and Company'),(26,1,1346,NULL,'Novanta Inc.'),(27,5,1347,NULL,'Eaton Vance Floating Rate Income Trust'),(28,3,1348,NULL,'New Media Investment Group Inc.'),(29,6,1349,NULL,'Broadcom Limited'),(30,8,1350,NULL,'Illumina, Inc.'),(31,3,1351,NULL,'Baldwin & Lyons, Inc.'),(32,8,1352,NULL,'Mammoth Energy Services, Inc.'),(33,4,1353,NULL,'Pyxis Tankers Inc.'),(34,2,1354,NULL,'OceanFirst Financial Corp.'),(35,1,1355,NULL,'Cogentix Medical, Inc.'),(36,3,1356,NULL,'CVR Energy Inc.'),(37,2,1357,NULL,'First American Corporation (The)'),(38,4,1358,NULL,'China Lodging Group, Limited'),(39,3,1359,NULL,'Northrim BanCorp Inc'),(40,3,1360,NULL,'Physicians Realty Trust'),(41,5,1361,NULL,'iRobot Corporation'),(42,5,1362,NULL,'Alliance Data Systems Corporation'),(43,6,1363,NULL,'SunTrust Banks, Inc.'),(44,8,1364,NULL,'The Hackett Group, Inc.'),(45,5,1365,NULL,'Shake Shack, Inc.'),(46,1,1366,NULL,'MSA Safety Incorporporated'),(47,2,1367,NULL,'Toronto Dominion Bank (The)'),(48,5,1368,NULL,'Carnival Corporation'),(49,8,1369,NULL,'Ctrip.com International, Ltd.'),(50,3,1370,NULL,'FelCor Lodging Trust Incorporated');
/*!40000 ALTER TABLE `investment` ENABLE KEYS */;
UNLOCK TABLES;

--
-- Table structure for table `investment_financial_report`
--

DROP TABLE IF EXISTS `investment_financial_report`;
/*!40101 SET @saved_cs_client     = @@character_set_client */;
/*!40101 SET character_set_client = utf8 */;
CREATE TABLE `investment_financial_report` (
  `inv_fin_id` int(11) NOT NULL,
  `inv_fin_report` varchar(45) DEFAULT NULL,
  PRIMARY KEY (`inv_fin_id`)
) ENGINE=InnoDB DEFAULT CHARSET=latin1;
/*!40101 SET character_set_client = @saved_cs_client */;

--
-- Dumping data for table `investment_financial_report`
--

LOCK TABLES `investment_financial_report` WRITE;
/*!40000 ALTER TABLE `investment_financial_report` DISABLE KEYS */;
/*!40000 ALTER TABLE `investment_financial_report` ENABLE KEYS */;
UNLOCK TABLES;

--
-- Table structure for table `investment_type`
--

DROP TABLE IF EXISTS `investment_type`;
/*!40101 SET @saved_cs_client     = @@character_set_client */;
/*!40101 SET character_set_client = utf8 */;
CREATE TABLE `investment_type` (
  `investment_type_id` int(11) NOT NULL AUTO_INCREMENT,
  `name` varchar(45) DEFAULT NULL,
  `active` tinyint(4) DEFAULT NULL,
  PRIMARY KEY (`investment_type_id`),
  UNIQUE KEY `investment_type_id_UNIQUE` (`investment_type_id`)
) ENGINE=InnoDB AUTO_INCREMENT=9 DEFAULT CHARSET=latin1;
/*!40101 SET character_set_client = @saved_cs_client */;

--
-- Dumping data for table `investment_type`
--

LOCK TABLES `investment_type` WRITE;
/*!40000 ALTER TABLE `investment_type` DISABLE KEYS */;
INSERT INTO `investment_type` VALUES (1,'tech',1),(2,'health care',1),(3,'energy',1),(4,'hospitality',1),(5,'retail',1),(6,'housing',1),(7,'financial',1),(8,'education',1);
/*!40000 ALTER TABLE `investment_type` ENABLE KEYS */;
UNLOCK TABLES;

--
-- Table structure for table `shares`
--

DROP TABLE IF EXISTS `shares`;
/*!40101 SET @saved_cs_client     = @@character_set_client */;
/*!40101 SET character_set_client = utf8 */;
CREATE TABLE `shares` (
  `share_id` int(11) NOT NULL AUTO_INCREMENT,
  `price_per_share` decimal(15,0) DEFAULT NULL,
  `investment_id` int(11) DEFAULT NULL,
  PRIMARY KEY (`share_id`),
  UNIQUE KEY `share_id_UNIQUE` (`share_id`),
  KEY `investment_id_idx` (`investment_id`),
  CONSTRAINT `investment_id` FOREIGN KEY (`investment_id`) REFERENCES `investment` (`investment_id`) ON DELETE NO ACTION ON UPDATE NO ACTION
) ENGINE=InnoDB AUTO_INCREMENT=5 DEFAULT CHARSET=latin1;
/*!40101 SET character_set_client = @saved_cs_client */;

--
-- Dumping data for table `shares`
--

LOCK TABLES `shares` WRITE;
/*!40000 ALTER TABLE `shares` DISABLE KEYS */;
INSERT INTO `shares` VALUES (1,25,10),(3,15,2),(4,31,32);
/*!40000 ALTER TABLE `shares` ENABLE KEYS */;
UNLOCK TABLES;

--
-- Dumping events for database 'mm_sttest8'
--

--
-- Dumping routines for database 'mm_sttest8'
--
/*!50003 DROP PROCEDURE IF EXISTS `addInvestmentName` */;
/*!50003 SET @saved_cs_client      = @@character_set_client */ ;
/*!50003 SET @saved_cs_results     = @@character_set_results */ ;
/*!50003 SET @saved_col_connection = @@collation_connection */ ;
/*!50003 SET character_set_client  = utf8 */ ;
/*!50003 SET character_set_results = utf8 */ ;
/*!50003 SET collation_connection  = utf8_general_ci */ ;
/*!50003 SET @saved_sql_mode       = @@sql_mode */ ;
/*!50003 SET sql_mode              = '' */ ;
DELIMITER ;;
CREATE DEFINER=`mm_sttest8`@`%` PROCEDURE `addInvestmentName`(IN investmentName VARCHAR(45))
BEGIN
	INSERT INTO CUSTOMERS (name)
	VALUES (investmentName);
END ;;
DELIMITER ;
/*!50003 SET sql_mode              = @saved_sql_mode */ ;
/*!50003 SET character_set_client  = @saved_cs_client */ ;
/*!50003 SET character_set_results = @saved_cs_results */ ;
/*!50003 SET collation_connection  = @saved_col_connection */ ;
/*!50003 DROP PROCEDURE IF EXISTS `GetAdvisor` */;
/*!50003 SET @saved_cs_client      = @@character_set_client */ ;
/*!50003 SET @saved_cs_results     = @@character_set_results */ ;
/*!50003 SET @saved_col_connection = @@collation_connection */ ;
/*!50003 SET character_set_client  = utf8 */ ;
/*!50003 SET character_set_results = utf8 */ ;
/*!50003 SET collation_connection  = utf8_general_ci */ ;
/*!50003 SET @saved_sql_mode       = @@sql_mode */ ;
/*!50003 SET sql_mode              = '' */ ;
DELIMITER ;;
CREATE DEFINER=`mm_sttest8`@`%` PROCEDURE `GetAdvisor`()
SELECT * FROM advisor ;;
DELIMITER ;
/*!50003 SET sql_mode              = @saved_sql_mode */ ;
/*!50003 SET character_set_client  = @saved_cs_client */ ;
/*!50003 SET character_set_results = @saved_cs_results */ ;
/*!50003 SET collation_connection  = @saved_col_connection */ ;
/*!50003 DROP PROCEDURE IF EXISTS `insertInvestmentType` */;
/*!50003 SET @saved_cs_client      = @@character_set_client */ ;
/*!50003 SET @saved_cs_results     = @@character_set_results */ ;
/*!50003 SET @saved_col_connection = @@collation_connection */ ;
/*!50003 SET character_set_client  = utf8 */ ;
/*!50003 SET character_set_results = utf8 */ ;
/*!50003 SET collation_connection  = utf8_general_ci */ ;
/*!50003 SET @saved_sql_mode       = @@sql_mode */ ;
/*!50003 SET sql_mode              = '' */ ;
DELIMITER ;;
CREATE DEFINER=`mm_sttest8`@`%` PROCEDURE `insertInvestmentType`(IN type VARCHAR(45))
BEGIN
	SELECT * FROM advisor;
END ;;
DELIMITER ;
/*!50003 SET sql_mode              = @saved_sql_mode */ ;
/*!50003 SET character_set_client  = @saved_cs_client */ ;
/*!50003 SET character_set_results = @saved_cs_results */ ;
/*!50003 SET collation_connection  = @saved_col_connection */ ;
/*!40103 SET TIME_ZONE=@OLD_TIME_ZONE */;

/*!40101 SET SQL_MODE=@OLD_SQL_MODE */;
/*!40014 SET FOREIGN_KEY_CHECKS=@OLD_FOREIGN_KEY_CHECKS */;
/*!40014 SET UNIQUE_CHECKS=@OLD_UNIQUE_CHECKS */;
/*!40101 SET CHARACTER_SET_CLIENT=@OLD_CHARACTER_SET_CLIENT */;
/*!40101 SET CHARACTER_SET_RESULTS=@OLD_CHARACTER_SET_RESULTS */;
/*!40101 SET COLLATION_CONNECTION=@OLD_COLLATION_CONNECTION */;
/*!40111 SET SQL_NOTES=@OLD_SQL_NOTES */;

-- Dump completed on 2018-12-06 10:39:23
